{
  "type": "FeatureCollection",
  "features": [
    {
      "type": "Feature",
      "geometry": {
        "type": "Polygon",
        "coordinates": [
          [
            [
              47.481877,
              50.432873
            ],
            [
              47.324242,
              50.300991
            ],
            [
              47.198888,
              50.160227
            ],
            [
              47.274686,
              50.016831
            ],
            [
              47.133497,
              49.885108
            ],
            [
              46.831384,
              49.824715
            ],
            [
              46.759114,
              49.324363
            ],
            [
              47.050617,
              49.141661
            ],
            [
              46.957996,
              48.991514
            ],
            [
              46.739465,
              48.894021
            ],
            [
              46.453011,
              48.390856
            ],
            [
              47.15558,
              48.247998
            ],
            [
              49.450857,
              47.964692
            ],
            [
              49.462218,
              48.052542
            ],
            [
              49.954795,
              48.101218
            ],
            [
              50.977714,
              48.607436
            ],
            [
              51.1077,
              48.743469
            ],
            [
              51.35694,
              48.750868
            ],
            [
              51.749566,
              48.743518
            ],
            [
              51.81906,
              48.608161
            ],
            [
              52.064693,
              48.547261
            ],
            [
              52.549205,
              48.5096
            ],
            [
              52.716987,
              48.755081
            ],
            [
              52.753936,
              49.018804
            ],
            [
              53.413526,
              49.03349
            ],
            [
              53.611476,
              49.218457
            ],
            [
              53.6795,
              49.539527
            ],
            [
              54.228298,
              49.630469
            ],
            [
              54.447335,
              49.854612
            ],
            [
              54.485392,
              50.037689
            ],
            [
              54.374883,
              50.11457
            ],
            [
              54.366052,
              50.236402
            ],
            [
              54.396871,
              50.476861
            ],
            [
              54.569285,
              50.501132
            ],
            [
              54.429487,
              50.630437
            ],
            [
              54.531977,
              50.807309
            ],
            [
              54.279086,
              50.970281
            ],
            [
              54.122467,
              51.148003
            ],
            [
              53.741517,
              51.259466
            ],
            [
              53.660301,
              51.40345
            ],
            [
              53.409798,
              51.530407
            ],
            [
              53.126425,
              51.567572
            ],
            [
              52.776072,
              51.535848
            ],
            [
              52.638287,
              51.487613
            ],
            [
              52.3879,
              51.786032
            ],
            [
              52.225986,
              51.776428
            ],
            [
              51.879057,
              51.698176
            ],
            [
              51.829331,
              51.528031
            ],
            [
              51.666529,
              51.46479
            ],
            [
              51.626539,
              51.604975
            ],
            [
              51.381644,
              51.520644
            ],
            [
              51.359021,
              51.612795
            ],
            [
              51.414675,
              51.694747
            ],
            [
              50.989449,
              51.722599
            ],
            [
              50.725528,
              51.814044
            ],
            [
              50.805717,
              51.599678
            ],
            [
              50.50984,
              51.666977
            ],
            [
              50.542529,
              51.508762
            ],
            [
              50.335696,
              51.424437
            ],
            [
              50.086188,
              51.245242
            ],
            [
              49.680675,
              51.106783
            ],
            [
              49.383822,
              51.140254
            ],
            [
              49.319921,
              51.009208
            ],
            [
              49.419139,
              50.90006
            ],
            [
              49.257346,
              50.825742
            ],
            [
              49.040724,
              50.796543
            ],
            [
              48.758615,
              50.574721
            ],
            [
              48.501533,
              50.669454
            ],
            [
              48.523273,
              50.622465
            ],
            [
              48.786727,
              50.183084
            ],
            [
              48.886295,
              50.023315
            ],
            [
              48.385338,
              49.806362
            ],
            [
              48.240384,
              49.862589
            ],
            [
              48.169019,
              49.962647
            ],
            [
              48.068651,
              50.069698
            ],
            [
              47.935022,
              50.205342
            ],
            [
              47.721602,
              50.31847
            ],
            [
              47.481877,
              50.432873
            ]
          ]
        ]
      },
      "properties": {
        "NAME": "West Kazakhstan"
      }
    },
    {
      "type": "Feature",
      "geometry": {
        "type": "Polygon",
        "coordinates": [
          [
            [
              47.071986,
              48.261772
            ],
            [
              47.125727,
              48.154328
            ],
            [
              47.08734,
              48.103085
            ],
            [
              47.2025,
              48.09283
            ],
            [
              47.164114,
              48.067184
            ],
            [
              47.056631,
              48.005582
            ],
            [
              47.171791,
              47.866708
            ],
            [
              47.133404,
              47.846102
            ],
            [
              47.187146,
              47.768758
            ],
            [
              47.379079,
              47.675793
            ],
            [
              47.409788,
              47.846102
            ],
            [
              47.670817,
              47.758437
            ],
            [
              47.962555,
              47.748114
            ],
            [
              48.008619,
              47.773918
            ],
            [
              48.169843,
              47.696466
            ],
            [
              48.430872,
              47.416686
            ],
            [
              48.515323,
              47.411491
            ],
            [
              48.84122,
              46.948532
            ],
            [
              49.006568,
              46.771873
            ],
            [
              48.944562,
              46.693959
            ],
            [
              48.727543,
              46.693959
            ],
            [
              48.655204,
              46.764795
            ],
            [
              48.551861,
              46.743554
            ],
            [
              48.489856,
              46.67269
            ],
            [
              48.551861,
              46.573325
            ],
            [
              48.727543,
              46.580429
            ],
            [
              48.91356,
              46.46666
            ],
            [
              49.10991,
              46.395434
            ],
            [
              49.192584,
              46.388306
            ],
            [
              49.461274,
              46.216961
            ],
            [
              49.812639,
              46.202658
            ],
            [
              49.874644,
              46.438181
            ],
            [
              49.988321,
              46.580429
            ],
            [
              50.257011,
              46.736471
            ],
            [
              50.515367,
              46.807251
            ],
            [
              50.81506,
              46.920305
            ],
            [
              51.073416,
              46.906187
            ],
            [
              51.197427,
              46.969692
            ],
            [
              51.445448,
              46.976743
            ],
            [
              51.548791,
              46.856742
            ],
            [
              51.69347,
              46.863808
            ],
            [
              51.879486,
              46.821396
            ],
            [
              52.210182,
              46.757715
            ],
            [
              52.282522,
              46.764795
            ],
            [
              52.396198,
              46.835537
            ],
            [
              52.582215,
              46.948532
            ],
            [
              52.623552,
              46.814324
            ],
            [
              52.737228,
              46.722304
            ],
            [
              52.799234,
              46.68687
            ],
            [
              52.861239,
              46.771873
            ],
            [
              52.954247,
              46.722304
            ],
            [
              53.016253,
              46.495125
            ],
            [
              52.971597,
              46.195655
            ],
            [
              52.826917,
              46.116912
            ],
            [
              52.971597,
              45.880006
            ],
            [
              53.043936,
              45.786401
            ],
            [
              53.136944,
              45.764778
            ],
            [
              53.188616,
              45.822422
            ],
            [
              53.663991,
              45.894393
            ],
            [
              53.777667,
              45.987816
            ],
            [
              53.73633,
              46.023706
            ],
            [
              53.953349,
              46.167034
            ],
            [
              53.994686,
              46.267142
            ],
            [
              54.118697,
              46.259997
            ],
            [
              54.728417,
              46.317127
            ],
            [
              55.286466,
              46.367067
            ],
            [
              55.486139,
              46.516623
            ],
            [
              55.682489,
              46.381338
            ],
            [
              55.827169,
              46.381338
            ],
            [
              55.837503,
              46.252863
            ],
            [
              55.940845,
              46.188512
            ],
            [
              56.033853,
              46.217122
            ],
            [
              56.116527,
              46.14557
            ],
            [
              56.271541,
              46.152729
            ],
            [
              56.333546,
              46.109759
            ],
            [
              56.457557,
              46.116923
            ],
            [
              56.467892,
              46.231421
            ],
            [
              56.405886,
              46.395594
            ],
            [
              56.044188,
              46.473938
            ],
            [
              55.599815,
              46.601894
            ],
            [
              55.26912,
              46.807411
            ],
            [
              55.145109,
              46.948691
            ],
            [
              55.052101,
              47.089599
            ],
            [
              55.114106,
              47.328289
            ],
            [
              55.176112,
              47.656476
            ],
            [
              55.062435,
              47.80939
            ],
            [
              55.062435,
              47.982612
            ],
            [
              54.835082,
              48.169041
            ],
            [
              54.92809,
              48.231034
            ],
            [
              54.804079,
              48.464553
            ],
            [
              54.85575,
              48.560396
            ],
            [
              54.814413,
              48.717461
            ],
            [
              54.597394,
              48.826434
            ],
            [
              54.494052,
              48.758353
            ],
            [
              54.463049,
              48.676535
            ],
            [
              54.380375,
              48.649232
            ],
            [
              54.184025,
              48.737911
            ],
            [
              54.04968,
              48.724278
            ],
            [
              54.070348,
              48.812826
            ],
            [
              54.070348,
              48.908009
            ],
            [
              54.029011,
              49.111366
            ],
            [
              53.946337,
              49.138417
            ],
            [
              53.884332,
              49.023347
            ],
            [
              53.832661,
              49.158696
            ],
            [
              53.698315,
              49.192476
            ],
            [
              53.625976,
              49.26671
            ],
            [
              53.418823,
              49.050442
            ],
            [
              52.747097,
              49.030118
            ],
            [
              52.716095,
              48.778783
            ],
            [
              52.550747,
              48.519338
            ],
            [
              52.116709,
              48.539869
            ],
            [
              51.848018,
              48.608246
            ],
            [
              51.765345,
              48.737907
            ],
            [
              51.124622,
              48.751536
            ],
            [
              51.021279,
              48.615079
            ],
            [
              49.915516,
              48.100068
            ],
            [
              49.460194,
              48.050517
            ],
            [
              49.470529,
              47.967552
            ],
            [
              47.071986,
              48.261772
            ]
          ]
        ]
      },
      "properties": {
        "NAME": "Atyrau (region)"
      }
    },
    {
      "type": "Feature",
      "geometry": {
        "type": "Polygon",
        "coordinates": [
          [
            [
              69.48582,
              53.292845
            ],
            [
              69.485602,
              53.296986
            ],
            [
              69.48495,
              53.301109
            ],
            [
              69.483865,
              53.3052
            ],
            [
              69.482354,
              53.309242
            ],
            [
              69.48042,
              53.313218
            ],
            [
              69.478072,
              53.317114
            ],
            [
              69.47532,
              53.320913
            ],
            [
              69.472173,
              53.324602
            ],
            [
              69.468645,
              53.328165
            ],
            [
              69.46475,
              53.331588
            ],
            [
              69.460502,
              53.334858
            ],
            [
              69.455918,
              53.337963
            ],
            [
              69.451018,
              53.340889
            ],
            [
              69.445819,
              53.343625
            ],
            [
              69.440343,
              53.346161
            ],
            [
              69.43461,
              53.348487
            ],
            [
              69.428645,
              53.350593
            ],
            [
              69.42247,
              53.352471
            ],
            [
              69.416109,
              53.354114
            ],
            [
              69.409588,
              53.355515
            ],
            [
              69.402933,
              53.356669
            ],
            [
              69.396169,
              53.357571
            ],
            [
              69.389323,
              53.358218
            ],
            [
              69.382423,
              53.358608
            ],
            [
              69.375496,
              53.358737
            ],
            [
              69.368569,
              53.358608
            ],
            [
              69.361669,
              53.358218
            ],
            [
              69.354824,
              53.357571
            ],
            [
              69.34806,
              53.356669
            ],
            [
              69.341404,
              53.355515
            ],
            [
              69.334883,
              53.354114
            ],
            [
              69.328523,
              53.352471
            ],
            [
              69.322348,
              53.350593
            ],
            [
              69.316382,
              53.348487
            ],
            [
              69.31065,
              53.346161
            ],
            [
              69.305173,
              53.343625
            ],
            [
              69.299975,
              53.340889
            ],
            [
              69.295074,
              53.337963
            ],
            [
              69.290491,
              53.334858
            ],
            [
              69.286243,
              53.331588
            ],
            [
              69.282347,
              53.328165
            ],
            [
              69.278819,
              53.324602
            ],
            [
              69.275673,
              53.320913
            ],
            [
              69.27292,
              53.317114
            ],
            [
              69.270572,
              53.313218
            ],
            [
              69.268639,
              53.309242
            ],
            [
              69.267127,
              53.3052
            ],
            [
              69.266043,
              53.301109
            ],
            [
              69.265391,
              53.296986
            ],
            [
              69.265173,
              53.292845
            ],
            [
              69.265391,
              53.288704
            ],
            [
              69.266043,
              53.28458
            ],
            [
              69.267127,
              53.280487
            ],
            [
              69.268639,
              53.276443
            ],
            [
              69.270572,
              53.272463
            ],
            [
              69.27292,
              53.268563
            ],
            [
              69.275673,
              53.264759
            ],
            [
              69.278819,
              53.261065
            ],
            [
              69.282347,
              53.257497
            ],
            [
              69.286243,
              53.254067
            ],
            [
              69.290491,
              53.250791
            ],
            [
              69.295074,
              53.24768
            ],
            [
              69.299975,
              53.244748
            ],
            [
              69.305173,
              53.242005
            ],
            [
              69.31065,
              53.239463
            ],
            [
              69.316382,
              53.237131
            ],
            [
              69.322348,
              53.23502
            ],
            [
              69.328523,
              53.233137
            ],
            [
              69.334883,
              53.231489
            ],
            [
              69.341404,
              53.230084
            ],
            [
              69.34806,
              53.228926
            ],
            [
              69.354824,
              53.228021
            ],
            [
              69.361669,
              53.227372
            ],
            [
              69.368569,
              53.226982
            ],
            [
              69.375496,
              53.226851
            ],
            [
              69.382423,
              53.226982
            ],
            [
              69.389323,
              53.227372
            ],
            [
              69.396169,
              53.228021
            ],
            [
              69.402933,
              53.228926
            ],
            [
              69.409588,
              53.230084
            ],
            [
              69.416109,
              53.231489
            ],
            [
              69.42247,
              53.233137
            ],
            [
              69.428645,
              53.23502
            ],
            [
              69.43461,
              53.237131
            ],
            [
              69.440343,
              53.239463
            ],
            [
              69.445819,
              53.242005
            ],
            [
              69.451018,
              53.244748
            ],
            [
              69.455918,
              53.24768
            ],
            [
              69.460502,
              53.250791
            ],
            [
              69.46475,
              53.254067
            ],
            [
              69.468645,
              53.257497
            ],
            [
              69.472173,
              53.261065
            ],
            [
              69.47532,
              53.264759
            ],
            [
              69.478072,
              53.268563
            ],
            [
              69.48042,
              53.272463
            ],
            [
              69.482354,
              53.276443
            ],
            [
              69.483865,
              53.280487
            ],
            [
              69.48495,
              53.28458
            ],
            [
              69.48582,
              53.292845
            ]
          ]
        ]
      },
      "properties": {
        "@circle": {
          "type": "Mercator",
          "center": [
            69.3754962,
            53.2928453
          ]
        },
        "NAME": "Kokshetau"
      }
    },
    {
      "type": "Feature",
      "geometry": {
        "type": "Polygon",
        "coordinates": [
          [
            [
              70.302696,
              52.945256
            ],
            [
              70.30238,
              52.951312
            ],
            [
              70.301433,
              52.957343
            ],
            [
              70.29986,
              52.963326
            ],
            [
              70.297667,
              52.969236
            ],
            [
              70.294861,
              52.975052
            ],
            [
              70.291455,
              52.980748
            ],
            [
              70.287461,
              52.986305
            ],
            [
              70.282896,
              52.991698
            ],
            [
              70.277777,
              52.996908
            ],
            [
              70.272125,
              53.001913
            ],
            [
              70.265961,
              53.006695
            ],
            [
              70.259311,
              53.011233
            ],
            [
              70.252201,
              53.015511
            ],
            [
              70.244658,
              53.019512
            ],
            [
              70.236712,
              53.023219
            ],
            [
              70.228395,
              53.026619
            ],
            [
              70.219739,
              53.029697
            ],
            [
              70.21078,
              53.032443
            ],
            [
              70.201551,
              53.034844
            ],
            [
              70.192089,
              53.036893
            ],
            [
              70.182433,
              53.038579
            ],
            [
              70.172619,
              53.039898
            ],
            [
              70.162687,
              53.040844
            ],
            [
              70.152676,
              53.041413
            ],
            [
              70.142625,
              53.041603
            ],
            [
              70.132574,
              53.041413
            ],
            [
              70.122563,
              53.040844
            ],
            [
              70.11263,
              53.039898
            ],
            [
              70.102817,
              53.038579
            ],
            [
              70.09316,
              53.036893
            ],
            [
              70.083699,
              53.034844
            ],
            [
              70.07447,
              53.032443
            ],
            [
              70.06551,
              53.029697
            ],
            [
              70.056855,
              53.026619
            ],
            [
              70.048537,
              53.023219
            ],
            [
              70.040592,
              53.019512
            ],
            [
              70.033049,
              53.015511
            ],
            [
              70.025938,
              53.011233
            ],
            [
              70.019288,
              53.006695
            ],
            [
              70.013125,
              53.001913
            ],
            [
              70.007472,
              52.996908
            ],
            [
              70.002354,
              52.991698
            ],
            [
              69.997788,
              52.986305
            ],
            [
              69.993795,
              52.980748
            ],
            [
              69.990388,
              52.975052
            ],
            [
              69.987583,
              52.969236
            ],
            [
              69.985389,
              52.963326
            ],
            [
              69.983816,
              52.957343
            ],
            [
              69.98287,
              52.951312
            ],
            [
              69.982554,
              52.945256
            ],
            [
              69.98287,
              52.939199
            ],
            [
              69.983816,
              52.933165
            ],
            [
              69.985389,
              52.927178
            ],
            [
              69.987583,
              52.921261
            ],
            [
              69.990388,
              52.915439
            ],
            [
              69.993795,
              52.909733
            ],
            [
              69.997788,
              52.904167
            ],
            [
              70.002354,
              52.898763
            ],
            [
              70.007472,
              52.893541
            ],
            [
              70.013125,
              52.888523
            ],
            [
              70.019288,
              52.883729
            ],
            [
              70.025938,
              52.879177
            ],
            [
              70.033049,
              52.874886
            ],
            [
              70.040592,
              52.870872
            ],
            [
              70.048537,
              52.867151
            ],
            [
              70.056855,
              52.863739
            ],
            [
              70.06551,
              52.860649
            ],
            [
              70.07447,
              52.857892
            ],
            [
              70.083699,
              52.855481
            ],
            [
              70.09316,
              52.853424
            ],
            [
              70.102817,
              52.85173
            ],
            [
              70.11263,
              52.850405
            ],
            [
              70.122563,
              52.849455
            ],
            [
              70.132574,
              52.848884
            ],
            [
              70.142625,
              52.848693
            ],
            [
              70.152676,
              52.848884
            ],
            [
              70.162687,
              52.849455
            ],
            [
              70.172619,
              52.850405
            ],
            [
              70.182433,
              52.85173
            ],
            [
              70.192089,
              52.853424
            ],
            [
              70.201551,
              52.855481
            ],
            [
              70.21078,
              52.857892
            ],
            [
              70.219739,
              52.860649
            ],
            [
              70.228395,
              52.863739
            ],
            [
              70.236712,
              52.867151
            ],
            [
              70.244658,
              52.870872
            ],
            [
              70.252201,
              52.874886
            ],
            [
              70.259311,
              52.879177
            ],
            [
              70.265961,
              52.883729
            ],
            [
              70.272125,
              52.888523
            ],
            [
              70.277777,
              52.893541
            ],
            [
              70.282896,
              52.898763
            ],
            [
              70.287461,
              52.904167
            ],
            [
              70.291455,
              52.909733
            ],
            [
              70.294861,
              52.915439
            ],
            [
              70.297667,
              52.921261
            ],
            [
              70.29986,
              52.927178
            ],
            [
              70.301433,
              52.933165
            ],
            [
              70.302696,
              52.945256
            ]
          ]
        ]
      },
      "properties": {
        "@circle": {
          "type": "Mercator",
          "center": [
            70.1426247,
            52.9452555
          ]
        },
        "NAME": "Schuchinsk"
      }
    },
    {
      "type": "Feature",
      "geometry": {
        "type": "Polygon",
        "coordinates": [
          [
            [
              71.679174,
              51.140084
            ],
            [
              71.678646,
              51.150624
            ],
            [
              71.677064,
              51.16112
            ],
            [
              71.674434,
              51.171531
            ],
            [
              71.670767,
              51.181815
            ],
            [
              71.666078,
              51.191932
            ],
            [
              71.660384,
              51.201843
            ],
            [
              71.653708,
              51.211508
            ],
            [
              71.646077,
              51.220889
            ],
            [
              71.63752,
              51.22995
            ],
            [
              71.628072,
              51.238655
            ],
            [
              71.61777,
              51.24697
            ],
            [
              71.606654,
              51.254862
            ],
            [
              71.594768,
              51.2623
            ],
            [
              71.582159,
              51.269256
            ],
            [
              71.568877,
              51.275701
            ],
            [
              71.554975,
              51.281611
            ],
            [
              71.540506,
              51.286963
            ],
            [
              71.525529,
              51.291735
            ],
            [
              71.510102,
              51.29591
            ],
            [
              71.494287,
              51.29947
            ],
            [
              71.478145,
              51.302402
            ],
            [
              71.461741,
              51.304695
            ],
            [
              71.445138,
              51.306339
            ],
            [
              71.428404,
              51.307327
            ],
            [
              71.411603,
              51.307658
            ],
            [
              71.394802,
              51.307327
            ],
            [
              71.378068,
              51.306339
            ],
            [
              71.361465,
              51.304695
            ],
            [
              71.345061,
              51.302402
            ],
            [
              71.328919,
              51.29947
            ],
            [
              71.313104,
              51.29591
            ],
            [
              71.297677,
              51.291735
            ],
            [
              71.2827,
              51.286963
            ],
            [
              71.268231,
              51.281611
            ],
            [
              71.254329,
              51.275701
            ],
            [
              71.241047,
              51.269256
            ],
            [
              71.228438,
              51.2623
            ],
            [
              71.216552,
              51.254862
            ],
            [
              71.205436,
              51.24697
            ],
            [
              71.195134,
              51.238655
            ],
            [
              71.185686,
              51.22995
            ],
            [
              71.177129,
              51.220889
            ],
            [
              71.169498,
              51.211508
            ],
            [
              71.162822,
              51.201843
            ],
            [
              71.157128,
              51.191932
            ],
            [
              71.152439,
              51.181815
            ],
            [
              71.148772,
              51.171531
            ],
            [
              71.146142,
              51.16112
            ],
            [
              71.14456,
              51.150624
            ],
            [
              71.144032,
              51.140084
            ],
            [
              71.14456,
              51.129542
            ],
            [
              71.146142,
              51.119038
            ],
            [
              71.148772,
              51.108616
            ],
            [
              71.152439,
              51.098315
            ],
            [
              71.157128,
              51.088177
            ],
            [
              71.162822,
              51.078242
            ],
            [
              71.169498,
              51.068549
            ],
            [
              71.177129,
              51.059137
            ],
            [
              71.185686,
              51.050042
            ],
            [
              71.195134,
              51.041302
            ],
            [
              71.205436,
              51.03295
            ],
            [
              71.216552,
              51.02502
            ],
            [
              71.228438,
              51.017543
            ],
            [
              71.241047,
              51.01055
            ],
            [
              71.254329,
              51.004067
            ],
            [
              71.268231,
              50.998122
            ],
            [
              71.2827,
              50.992736
            ],
            [
              71.297677,
              50.987933
            ],
            [
              71.313104,
              50.98373
            ],
            [
              71.328919,
              50.980146
            ],
            [
              71.345061,
              50.977193
            ],
            [
              71.361465,
              50.974884
            ],
            [
              71.378068,
              50.973228
            ],
            [
              71.394802,
              50.972232
            ],
            [
              71.411603,
              50.9719
            ],
            [
              71.428404,
              50.972232
            ],
            [
              71.445138,
              50.973228
            ],
            [
              71.461741,
              50.974884
            ],
            [
              71.478145,
              50.977193
            ],
            [
              71.494287,
              50.980146
            ],
            [
              71.510102,
              50.98373
            ],
            [
              71.525529,
              50.987933
            ],
            [
              71.540506,
              50.992736
            ],
            [
              71.554975,
              50.998122
            ],
            [
              71.568877,
              51.004067
            ],
            [
              71.582159,
              51.01055
            ],
            [
              71.594768,
              51.017543
            ],
            [
              71.606654,
              51.02502
            ],
            [
              71.61777,
              51.03295
            ],
            [
              71.628072,
              51.041302
            ],
            [
              71.63752,
              51.050042
            ],
            [
              71.646077,
              51.059137
            ],
            [
              71.653708,
              51.068549
            ],
            [
              71.660384,
              51.078242
            ],
            [
              71.666078,
              51.088177
            ],
            [
              71.670767,
              51.098315
            ],
            [
              71.674434,
              51.108616
            ],
            [
              71.677064,
              51.119038
            ],
            [
              71.679174,
              51.140084
            ]
          ]
        ]
      },
      "properties": {
        "@circle": {
          "type": "Mercator",
          "center": [
            71.411603,
            51.1400839
          ]
        },
        "NAME": "Astana"
      }
    },
    {
      "type": "Feature",
      "geometry": {
        "type": "Polygon",
        "coordinates": [
          [
            [
              69.284231,
              54.875952
            ],
            [
              69.283972,
              54.8807
            ],
            [
              69.283195,
              54.885428
            ],
            [
              69.281903,
              54.890119
            ],
            [
              69.280102,
              54.894754
            ],
            [
              69.277798,
              54.899313
            ],
            [
              69.275001,
              54.90378
            ],
            [
              69.271722,
              54.908137
            ],
            [
              69.267973,
              54.912366
            ],
            [
              69.26377,
              54.916451
            ],
            [
              69.259129,
              54.920377
            ],
            [
              69.254068,
              54.924126
            ],
            [
              69.248608,
              54.927685
            ],
            [
              69.242769,
              54.93104
            ],
            [
              69.236575,
              54.934177
            ],
            [
              69.230051,
              54.937085
            ],
            [
              69.223222,
              54.939751
            ],
            [
              69.216115,
              54.942165
            ],
            [
              69.208757,
              54.944318
            ],
            [
              69.20118,
              54.946202
            ],
            [
              69.193411,
              54.947808
            ],
            [
              69.185481,
              54.949131
            ],
            [
              69.177423,
              54.950166
            ],
            [
              69.169268,
              54.950907
            ],
            [
              69.161047,
              54.951354
            ],
            [
              69.152794,
              54.951503
            ],
            [
              69.144541,
              54.951354
            ],
            [
              69.136321,
              54.950907
            ],
            [
              69.128166,
              54.950166
            ],
            [
              69.120107,
              54.949131
            ],
            [
              69.112178,
              54.947808
            ],
            [
              69.104409,
              54.946202
            ],
            [
              69.096831,
              54.944318
            ],
            [
              69.089474,
              54.942165
            ],
            [
              69.082367,
              54.939751
            ],
            [
              69.075538,
              54.937085
            ],
            [
              69.069013,
              54.934177
            ],
            [
              69.06282,
              54.93104
            ],
            [
              69.056981,
              54.927685
            ],
            [
              69.051521,
              54.924126
            ],
            [
              69.04646,
              54.920377
            ],
            [
              69.041819,
              54.916451
            ],
            [
              69.037615,
              54.912366
            ],
            [
              69.033867,
              54.908137
            ],
            [
              69.030588,
              54.90378
            ],
            [
              69.027791,
              54.899313
            ],
            [
              69.025487,
              54.894754
            ],
            [
              69.023686,
              54.890119
            ],
            [
              69.022394,
              54.885428
            ],
            [
              69.021617,
              54.8807
            ],
            [
              69.021358,
              54.875952
            ],
            [
              69.021617,
              54.871203
            ],
            [
              69.022394,
              54.866472
            ],
            [
              69.023686,
              54.861779
            ],
            [
              69.025487,
              54.857141
            ],
            [
              69.027791,
              54.852576
            ],
            [
              69.030588,
              54.848104
            ],
            [
              69.033867,
              54.84374
            ],
            [
              69.037615,
              54.839504
            ],
            [
              69.041819,
              54.835411
            ],
            [
              69.04646,
              54.831478
            ],
            [
              69.051521,
              54.827719
            ],
            [
              69.056981,
              54.824151
            ],
            [
              69.06282,
              54.820788
            ],
            [
              69.069013,
              54.817642
            ],
            [
              69.075538,
              54.814726
            ],
            [
              69.082367,
              54.812051
            ],
            [
              69.089474,
              54.809629
            ],
            [
              69.096831,
              54.807469
            ],
            [
              69.104409,
              54.805579
            ],
            [
              69.112178,
              54.803967
            ],
            [
              69.120107,
              54.802639
            ],
            [
              69.128166,
              54.801601
            ],
            [
              69.136321,
              54.800856
            ],
            [
              69.144541,
              54.800408
            ],
            [
              69.152794,
              54.800259
            ],
            [
              69.161047,
              54.800408
            ],
            [
              69.169268,
              54.800856
            ],
            [
              69.177423,
              54.801601
            ],
            [
              69.185481,
              54.802639
            ],
            [
              69.193411,
              54.803967
            ],
            [
              69.20118,
              54.805579
            ],
            [
              69.208757,
              54.807469
            ],
            [
              69.216115,
              54.809629
            ],
            [
              69.223222,
              54.812051
            ],
            [
              69.230051,
              54.814726
            ],
            [
              69.236575,
              54.817642
            ],
            [
              69.242769,
              54.820788
            ],
            [
              69.248608,
              54.824151
            ],
            [
              69.254068,
              54.827719
            ],
            [
              69.259129,
              54.831478
            ],
            [
              69.26377,
              54.835411
            ],
            [
              69.267973,
              54.839504
            ],
            [
              69.271722,
              54.84374
            ],
            [
              69.275001,
              54.848104
            ],
            [
              69.277798,
              54.852576
            ],
            [
              69.280102,
              54.857141
            ],
            [
              69.281903,
              54.861779
            ],
            [
              69.283195,
              54.866472
            ],
            [
              69.284231,
              54.875952
            ]
          ]
        ]
      },
      "properties": {
        "@circle": {
          "type": "Mercator",
          "center": [
            69.1527944,
            54.8759516
          ]
        },
        "NAME": "Petropavl"
      }
    },
    {
      "type": "Feature",
      "geometry": {
        "type": "Polygon",
        "coordinates": [
          [
            [
              63.850611,
              53.214261
            ],
            [
              63.85016,
              53.222854
            ],
            [
              63.848809,
              53.231412
            ],
            [
              63.846563,
              53.2399
            ],
            [
              63.84343,
              53.248286
            ],
            [
              63.839424,
              53.256535
            ],
            [
              63.834561,
              53.264617
            ],
            [
              63.828858,
              53.272498
            ],
            [
              63.822339,
              53.280148
            ],
            [
              63.81503,
              53.287537
            ],
            [
              63.806959,
              53.294636
            ],
            [
              63.798158,
              53.301417
            ],
            [
              63.788663,
              53.307853
            ],
            [
              63.778509,
              53.313919
            ],
            [
              63.767739,
              53.319592
            ],
            [
              63.756393,
              53.324849
            ],
            [
              63.744517,
              53.329669
            ],
            [
              63.732158,
              53.334034
            ],
            [
              63.719364,
              53.337926
            ],
            [
              63.706186,
              53.341331
            ],
            [
              63.692676,
              53.344235
            ],
            [
              63.678887,
              53.346627
            ],
            [
              63.664874,
              53.348497
            ],
            [
              63.650692,
              53.349837
            ],
            [
              63.636397,
              53.350644
            ],
            [
              63.622045,
              53.350913
            ],
            [
              63.607693,
              53.350644
            ],
            [
              63.593398,
              53.349837
            ],
            [
              63.579216,
              53.348497
            ],
            [
              63.565203,
              53.346627
            ],
            [
              63.551414,
              53.344235
            ],
            [
              63.537904,
              53.341331
            ],
            [
              63.524726,
              53.337926
            ],
            [
              63.511932,
              53.334034
            ],
            [
              63.499573,
              53.329669
            ],
            [
              63.487697,
              53.324849
            ],
            [
              63.476351,
              53.319592
            ],
            [
              63.465581,
              53.313919
            ],
            [
              63.455427,
              53.307853
            ],
            [
              63.445932,
              53.301417
            ],
            [
              63.437131,
              53.294636
            ],
            [
              63.42906,
              53.287537
            ],
            [
              63.421751,
              53.280148
            ],
            [
              63.415232,
              53.272498
            ],
            [
              63.409529,
              53.264617
            ],
            [
              63.404666,
              53.256535
            ],
            [
              63.40066,
              53.248286
            ],
            [
              63.397527,
              53.2399
            ],
            [
              63.395281,
              53.231412
            ],
            [
              63.39393,
              53.222854
            ],
            [
              63.393479,
              53.214261
            ],
            [
              63.39393,
              53.205666
            ],
            [
              63.395281,
              53.197103
            ],
            [
              63.397527,
              53.188606
            ],
            [
              63.40066,
              53.180209
            ],
            [
              63.404666,
              53.171944
            ],
            [
              63.409529,
              53.163846
            ],
            [
              63.415232,
              53.155944
            ],
            [
              63.421751,
              53.148272
            ],
            [
              63.42906,
              53.140859
            ],
            [
              63.437131,
              53.133734
            ],
            [
              63.445932,
              53.126927
            ],
            [
              63.455427,
              53.120464
            ],
            [
              63.465581,
              53.11437
            ],
            [
              63.476351,
              53.10867
            ],
            [
              63.487697,
              53.103387
            ],
            [
              63.499573,
              53.098541
            ],
            [
              63.511932,
              53.094152
            ],
            [
              63.524726,
              53.090237
            ],
            [
              63.537904,
              53.086812
            ],
            [
              63.551414,
              53.083891
            ],
            [
              63.565203,
              53.081485
            ],
            [
              63.579216,
              53.079603
            ],
            [
              63.593398,
              53.078254
            ],
            [
              63.607693,
              53.077442
            ],
            [
              63.622045,
              53.077171
            ],
            [
              63.636397,
              53.077442
            ],
            [
              63.650692,
              53.078254
            ],
            [
              63.664874,
              53.079603
            ],
            [
              63.678887,
              53.081485
            ],
            [
              63.692676,
              53.083891
            ],
            [
              63.706186,
              53.086812
            ],
            [
              63.719364,
              53.090237
            ],
            [
              63.732158,
              53.094152
            ],
            [
              63.744517,
              53.098541
            ],
            [
              63.756393,
              53.103387
            ],
            [
              63.767739,
              53.10867
            ],
            [
              63.778509,
              53.11437
            ],
            [
              63.788663,
              53.120464
            ],
            [
              63.798158,
              53.126927
            ],
            [
              63.806959,
              53.133734
            ],
            [
              63.81503,
              53.140859
            ],
            [
              63.822339,
              53.148272
            ],
            [
              63.828858,
              53.155944
            ],
            [
              63.834561,
              53.163846
            ],
            [
              63.839424,
              53.171944
            ],
            [
              63.84343,
              53.180209
            ],
            [
              63.846563,
              53.188606
            ],
            [
              63.848809,
              53.197103
            ],
            [
              63.850611,
              53.214261
            ]
          ]
        ]
      },
      "properties": {
        "@circle": {
          "type": "Mercator",
          "center": [
            63.622045,
            53.2142608
          ]
        },
        "NAME": "Kostanay"
      }
    },
    {
      "type": "Feature",
      "geometry": {
        "type": "Polygon",
        "coordinates": [
          [
            [
              63.309598,
              52.971275
            ],
            [
              63.309221,
              52.978498
            ],
            [
              63.308092,
              52.985692
            ],
            [
              63.306214,
              52.992828
            ],
            [
              63.303596,
              52.999878
            ],
            [
              63.300248,
              53.006813
            ],
            [
              63.296182,
              53.013607
            ],
            [
              63.291416,
              53.020234
            ],
            [
              63.285967,
              53.026666
            ],
            [
              63.279857,
              53.032879
            ],
            [
              63.273111,
              53.038848
            ],
            [
              63.265755,
              53.044549
            ],
            [
              63.257818,
              53.049961
            ],
            [
              63.249332,
              53.055062
            ],
            [
              63.240329,
              53.059833
            ],
            [
              63.230846,
              53.064253
            ],
            [
              63.220919,
              53.068307
            ],
            [
              63.210589,
              53.071978
            ],
            [
              63.199895,
              53.075251
            ],
            [
              63.18888,
              53.078115
            ],
            [
              63.177588,
              53.080557
            ],
            [
              63.166062,
              53.082568
            ],
            [
              63.154349,
              53.084141
            ],
            [
              63.142495,
              53.085269
            ],
            [
              63.130547,
              53.085947
            ],
            [
              63.118551,
              53.086173
            ],
            [
              63.106555,
              53.085947
            ],
            [
              63.094606,
              53.085269
            ],
            [
              63.082752,
              53.084141
            ],
            [
              63.071039,
              53.082568
            ],
            [
              63.059514,
              53.080557
            ],
            [
              63.048222,
              53.078115
            ],
            [
              63.037207,
              53.075251
            ],
            [
              63.026513,
              53.071978
            ],
            [
              63.016183,
              53.068307
            ],
            [
              63.006256,
              53.064253
            ],
            [
              62.996773,
              53.059833
            ],
            [
              62.98777,
              53.055062
            ],
            [
              62.979283,
              53.049961
            ],
            [
              62.971346,
              53.044549
            ],
            [
              62.96399,
              53.038848
            ],
            [
              62.957244,
              53.032879
            ],
            [
              62.951135,
              53.026666
            ],
            [
              62.945686,
              53.020234
            ],
            [
              62.940919,
              53.013607
            ],
            [
              62.936854,
              53.006813
            ],
            [
              62.933506,
              52.999878
            ],
            [
              62.930887,
              52.992828
            ],
            [
              62.92901,
              52.985692
            ],
            [
              62.92788,
              52.978498
            ],
            [
              62.927503,
              52.971275
            ],
            [
              62.92788,
              52.96405
            ],
            [
              62.92901,
              52.956853
            ],
            [
              62.930887,
              52.949711
            ],
            [
              62.933506,
              52.942653
            ],
            [
              62.936854,
              52.935707
            ],
            [
              62.940919,
              52.928901
            ],
            [
              62.945686,
              52.92226
            ],
            [
              62.951135,
              52.915813
            ],
            [
              62.957244,
              52.909583
            ],
            [
              62.96399,
              52.903596
            ],
            [
              62.971346,
              52.897876
            ],
            [
              62.979283,
              52.892445
            ],
            [
              62.98777,
              52.887324
            ],
            [
              62.996773,
              52.882535
            ],
            [
              63.006256,
              52.878096
            ],
            [
              63.016183,
              52.874024
            ],
            [
              63.026513,
              52.870337
            ],
            [
              63.037207,
              52.867048
            ],
            [
              63.048222,
              52.86417
            ],
            [
              63.059514,
              52.861716
            ],
            [
              63.071039,
              52.859694
            ],
            [
              63.082752,
              52.858113
            ],
            [
              63.094606,
              52.85698
            ],
            [
              63.106555,
              52.856298
            ],
            [
              63.118551,
              52.85607
            ],
            [
              63.130547,
              52.856298
            ],
            [
              63.142495,
              52.85698
            ],
            [
              63.154349,
              52.858113
            ],
            [
              63.166062,
              52.859694
            ],
            [
              63.177588,
              52.861716
            ],
            [
              63.18888,
              52.86417
            ],
            [
              63.199895,
              52.867048
            ],
            [
              63.210589,
              52.870337
            ],
            [
              63.220919,
              52.874024
            ],
            [
              63.230846,
              52.878096
            ],
            [
              63.240329,
              52.882535
            ],
            [
              63.249332,
              52.887324
            ],
            [
              63.257818,
              52.892445
            ],
            [
              63.265755,
              52.897876
            ],
            [
              63.273111,
              52.903596
            ],
            [
              63.279857,
              52.909583
            ],
            [
              63.285967,
              52.915813
            ],
            [
              63.291416,
              52.92226
            ],
            [
              63.296182,
              52.928901
            ],
            [
              63.300248,
              52.935707
            ],
            [
              63.303596,
              52.942653
            ],
            [
              63.306214,
              52.949711
            ],
            [
              63.308092,
              52.956853
            ],
            [
              63.309598,
              52.971275
            ]
          ]
        ]
      },
      "properties": {
        "@circle": {
          "type": "Mercator",
          "center": [
            63.1185508,
            52.9712748
          ]
        },
        "NAME": "Rudny"
      }
    },
    {
      "type": "Feature",
      "geometry": {
        "type": "Polygon",
        "coordinates": [
          [
            [
              57.443545,
              50.292572
            ],
            [
              57.443124,
              50.301123
            ],
            [
              57.441864,
              50.309638
            ],
            [
              57.439769,
              50.318085
            ],
            [
              57.436847,
              50.32643
            ],
            [
              57.433111,
              50.334639
            ],
            [
              57.428574,
              50.342681
            ],
            [
              57.423256,
              50.350525
            ],
            [
              57.417176,
              50.358138
            ],
            [
              57.410358,
              50.365492
            ],
            [
              57.402831,
              50.372557
            ],
            [
              57.394623,
              50.379305
            ],
            [
              57.385766,
              50.385711
            ],
            [
              57.376296,
              50.391749
            ],
            [
              57.366251,
              50.397395
            ],
            [
              57.355669,
              50.402627
            ],
            [
              57.344592,
              50.407425
            ],
            [
              57.333065,
              50.411769
            ],
            [
              57.321133,
              50.415644
            ],
            [
              57.308842,
              50.419033
            ],
            [
              57.296241,
              50.421923
            ],
            [
              57.283381,
              50.424304
            ],
            [
              57.270311,
              50.426165
            ],
            [
              57.257084,
              50.427499
            ],
            [
              57.243751,
              50.428302
            ],
            [
              57.230365,
              50.42857
            ],
            [
              57.216979,
              50.428302
            ],
            [
              57.203647,
              50.427499
            ],
            [
              57.190419,
              50.426165
            ],
            [
              57.17735,
              50.424304
            ],
            [
              57.164489,
              50.421923
            ],
            [
              57.151888,
              50.419033
            ],
            [
              57.139598,
              50.415644
            ],
            [
              57.127665,
              50.411769
            ],
            [
              57.116138,
              50.407425
            ],
            [
              57.105061,
              50.402627
            ],
            [
              57.094479,
              50.397395
            ],
            [
              57.084434,
              50.391749
            ],
            [
              57.074964,
              50.385711
            ],
            [
              57.066107,
              50.379305
            ],
            [
              57.057899,
              50.372557
            ],
            [
              57.050372,
              50.365492
            ],
            [
              57.043554,
              50.358138
            ],
            [
              57.037475,
              50.350525
            ],
            [
              57.032156,
              50.342681
            ],
            [
              57.027619,
              50.334639
            ],
            [
              57.023883,
              50.32643
            ],
            [
              57.020962,
              50.318085
            ],
            [
              57.018867,
              50.309638
            ],
            [
              57.017606,
              50.301123
            ],
            [
              57.017186,
              50.292572
            ],
            [
              57.017606,
              50.284019
            ],
            [
              57.018867,
              50.275499
            ],
            [
              57.020962,
              50.267045
            ],
            [
              57.023883,
              50.25869
            ],
            [
              57.027619,
              50.250467
            ],
            [
              57.032156,
              50.242409
            ],
            [
              57.037475,
              50.234548
            ],
            [
              57.043554,
              50.226915
            ],
            [
              57.050372,
              50.21954
            ],
            [
              57.057899,
              50.212452
            ],
            [
              57.066107,
              50.20568
            ],
            [
              57.074964,
              50.19925
            ],
            [
              57.084434,
              50.193187
            ],
            [
              57.094479,
              50.187517
            ],
            [
              57.105061,
              50.182261
            ],
            [
              57.116138,
              50.177441
            ],
            [
              57.127665,
              50.173075
            ],
            [
              57.139598,
              50.169181
            ],
            [
              57.151888,
              50.165774
            ],
            [
              57.164489,
              50.162868
            ],
            [
              57.17735,
              50.160474
            ],
            [
              57.190419,
              50.158602
            ],
            [
              57.203647,
              50.15726
            ],
            [
              57.216979,
              50.156453
            ],
            [
              57.230365,
              50.156183
            ],
            [
              57.243751,
              50.156453
            ],
            [
              57.257084,
              50.15726
            ],
            [
              57.270311,
              50.158602
            ],
            [
              57.283381,
              50.160474
            ],
            [
              57.296241,
              50.162868
            ],
            [
              57.308842,
              50.165774
            ],
            [
              57.321133,
              50.169181
            ],
            [
              57.333065,
              50.173075
            ],
            [
              57.344592,
              50.177441
            ],
            [
              57.355669,
              50.182261
            ],
            [
              57.366251,
              50.187517
            ],
            [
              57.376296,
              50.193187
            ],
            [
              57.385766,
              50.19925
            ],
            [
              57.394623,
              50.20568
            ],
            [
              57.402831,
              50.212452
            ],
            [
              57.410358,
              50.21954
            ],
            [
              57.417176,
              50.226915
            ],
            [
              57.423256,
              50.234548
            ],
            [
              57.428574,
              50.242409
            ],
            [
              57.433111,
              50.250467
            ],
            [
              57.436847,
              50.25869
            ],
            [
              57.439769,
              50.267045
            ],
            [
              57.441864,
              50.275499
            ],
            [
              57.443545,
              50.292572
            ]
          ]
        ]
      },
      "properties": {
        "@circle": {
          "type": "Mercator",
          "center": [
            57.2303651,
            50.2925717
          ]
        },
        "NAME": "Aktobe"
      }
    },
    {
      "type": "Feature",
      "geometry": {
        "type": "Polygon",
        "coordinates": [
          [
            [
              51.305649,
              43.647931
            ],
            [
              51.305415,
              43.653309
            ],
            [
              51.304715,
              43.658666
            ],
            [
              51.303552,
              43.663981
            ],
            [
              51.301929,
              43.669231
            ],
            [
              51.299855,
              43.674397
            ],
            [
              51.297335,
              43.679458
            ],
            [
              51.294382,
              43.684394
            ],
            [
              51.291005,
              43.689186
            ],
            [
              51.287219,
              43.693815
            ],
            [
              51.283039,
              43.698262
            ],
            [
              51.27848,
              43.702511
            ],
            [
              51.273562,
              43.706544
            ],
            [
              51.268303,
              43.710345
            ],
            [
              51.262724,
              43.7139
            ],
            [
              51.256848,
              43.717195
            ],
            [
              51.250696,
              43.720216
            ],
            [
              51.244295,
              43.722952
            ],
            [
              51.237668,
              43.725393
            ],
            [
              51.230842,
              43.727527
            ],
            [
              51.223845,
              43.729348
            ],
            [
              51.216703,
              43.730847
            ],
            [
              51.209445,
              43.732019
            ],
            [
              51.202099,
              43.73286
            ],
            [
              51.194695,
              43.733366
            ],
            [
              51.187261,
              43.733534
            ],
            [
              51.179827,
              43.733366
            ],
            [
              51.172423,
              43.73286
            ],
            [
              51.165077,
              43.732019
            ],
            [
              51.157819,
              43.730847
            ],
            [
              51.150677,
              43.729348
            ],
            [
              51.143679,
              43.727527
            ],
            [
              51.136854,
              43.725393
            ],
            [
              51.130227,
              43.722952
            ],
            [
              51.123826,
              43.720216
            ],
            [
              51.117674,
              43.717195
            ],
            [
              51.111798,
              43.7139
            ],
            [
              51.106219,
              43.710345
            ],
            [
              51.10096,
              43.706544
            ],
            [
              51.096042,
              43.702511
            ],
            [
              51.091483,
              43.698262
            ],
            [
              51.087303,
              43.693815
            ],
            [
              51.083517,
              43.689186
            ],
            [
              51.08014,
              43.684394
            ],
            [
              51.077187,
              43.679458
            ],
            [
              51.074667,
              43.674397
            ],
            [
              51.072592,
              43.669231
            ],
            [
              51.07097,
              43.663981
            ],
            [
              51.069807,
              43.658666
            ],
            [
              51.069107,
              43.653309
            ],
            [
              51.068873,
              43.647931
            ],
            [
              51.069107,
              43.642551
            ],
            [
              51.069807,
              43.637193
            ],
            [
              51.07097,
              43.631877
            ],
            [
              51.072592,
              43.626623
            ],
            [
              51.074667,
              43.621453
            ],
            [
              51.077187,
              43.616387
            ],
            [
              51.08014,
              43.611445
            ],
            [
              51.083517,
              43.606647
            ],
            [
              51.087303,
              43.602012
            ],
            [
              51.091483,
              43.597557
            ],
            [
              51.096042,
              43.593301
            ],
            [
              51.10096,
              43.58926
            ],
            [
              51.106219,
              43.585451
            ],
            [
              51.111798,
              43.581889
            ],
            [
              51.117674,
              43.578586
            ],
            [
              51.123826,
              43.575558
            ],
            [
              51.130227,
              43.572815
            ],
            [
              51.136854,
              43.570369
            ],
            [
              51.143679,
              43.568229
            ],
            [
              51.150677,
              43.566403
            ],
            [
              51.157819,
              43.5649
            ],
            [
              51.165077,
              43.563724
            ],
            [
              51.172423,
              43.562881
            ],
            [
              51.179827,
              43.562374
            ],
            [
              51.187261,
              43.562205
            ],
            [
              51.194695,
              43.562374
            ],
            [
              51.202099,
              43.562881
            ],
            [
              51.209445,
              43.563724
            ],
            [
              51.216703,
              43.5649
            ],
            [
              51.223845,
              43.566403
            ],
            [
              51.230842,
              43.568229
            ],
            [
              51.237668,
              43.570369
            ],
            [
              51.244295,
              43.572815
            ],
            [
              51.250696,
              43.575558
            ],
            [
              51.256848,
              43.578586
            ],
            [
              51.262724,
              43.581889
            ],
            [
              51.268303,
              43.585451
            ],
            [
              51.273562,
              43.58926
            ],
            [
              51.27848,
              43.593301
            ],
            [
              51.283039,
              43.597557
            ],
            [
              51.287219,
              43.602012
            ],
            [
              51.291005,
              43.606647
            ],
            [
              51.294382,
              43.611445
            ],
            [
              51.297335,
              43.616387
            ],
            [
              51.299855,
              43.621453
            ],
            [
              51.301929,
              43.626623
            ],
            [
              51.303552,
              43.631877
            ],
            [
              51.304715,
              43.637193
            ],
            [
              51.305649,
              43.647931
            ]
          ]
        ]
      },
      "properties": {
        "@circle": {
          "type": "Mercator",
          "center": [
            51.187261,
            43.6479307
          ]
        },
        "NAME": "Aktau"
      }
    },
    {
      "type": "Feature",
      "geometry": {
        "type": "Polygon",
        "coordinates": [
          [
            [
              53.012222,
              43.335027
            ],
            [
              53.011898,
              43.342509
            ],
            [
              53.01093,
              43.349961
            ],
            [
              53.00932,
              43.357353
            ],
            [
              53.007074,
              43.364656
            ],
            [
              53.004203,
              43.371841
            ],
            [
              53.000716,
              43.37888
            ],
            [
              52.996629,
              43.385746
            ],
            [
              52.991956,
              43.39241
            ],
            [
              52.986716,
              43.398848
            ],
            [
              52.980931,
              43.405033
            ],
            [
              52.974623,
              43.410941
            ],
            [
              52.967816,
              43.416549
            ],
            [
              52.960538,
              43.421836
            ],
            [
              52.952817,
              43.426779
            ],
            [
              52.944685,
              43.431361
            ],
            [
              52.936172,
              43.435562
            ],
            [
              52.927312,
              43.439366
            ],
            [
              52.918141,
              43.442759
            ],
            [
              52.908695,
              43.445727
            ],
            [
              52.899011,
              43.448258
            ],
            [
              52.889127,
              43.450343
            ],
            [
              52.879082,
              43.451973
            ],
            [
              52.868916,
              43.453142
            ],
            [
              52.858669,
              43.453845
            ],
            [
              52.848382,
              43.45408
            ],
            [
              52.838094,
              43.453845
            ],
            [
              52.827847,
              43.453142
            ],
            [
              52.817681,
              43.451973
            ],
            [
              52.807637,
              43.450343
            ],
            [
              52.797753,
              43.448258
            ],
            [
              52.788068,
              43.445727
            ],
            [
              52.778622,
              43.442759
            ],
            [
              52.769451,
              43.439366
            ],
            [
              52.760592,
              43.435562
            ],
            [
              52.752079,
              43.431361
            ],
            [
              52.743946,
              43.426779
            ],
            [
              52.736226,
              43.421836
            ],
            [
              52.728948,
              43.416549
            ],
            [
              52.722141,
              43.410941
            ],
            [
              52.715833,
              43.405033
            ],
            [
              52.710047,
              43.398848
            ],
            [
              52.704808,
              43.39241
            ],
            [
              52.700135,
              43.385746
            ],
            [
              52.696047,
              43.37888
            ],
            [
              52.692561,
              43.371841
            ],
            [
              52.689689,
              43.364656
            ],
            [
              52.687444,
              43.357353
            ],
            [
              52.685834,
              43.349961
            ],
            [
              52.684865,
              43.342509
            ],
            [
              52.684542,
              43.335027
            ],
            [
              52.684865,
              43.327544
            ],
            [
              52.685834,
              43.320089
            ],
            [
              52.687444,
              43.312693
            ],
            [
              52.689689,
              43.305384
            ],
            [
              52.692561,
              43.298191
            ],
            [
              52.696047,
              43.291142
            ],
            [
              52.700135,
              43.284266
            ],
            [
              52.704808,
              43.27759
            ],
            [
              52.710047,
              43.271139
            ],
            [
              52.715833,
              43.264941
            ],
            [
              52.722141,
              43.259018
            ],
            [
              52.728948,
              43.253395
            ],
            [
              52.736226,
              43.248094
            ],
            [
              52.743946,
              43.243136
            ],
            [
              52.752079,
              43.23854
            ],
            [
              52.760592,
              43.234326
            ],
            [
              52.769451,
              43.230508
            ],
            [
              52.778622,
              43.227104
            ],
            [
              52.788068,
              43.224125
            ],
            [
              52.797753,
              43.221584
            ],
            [
              52.807637,
              43.219492
            ],
            [
              52.817681,
              43.217856
            ],
            [
              52.827847,
              43.216682
            ],
            [
              52.838094,
              43.215976
            ],
            [
              52.848382,
              43.215741
            ],
            [
              52.858669,
              43.215976
            ],
            [
              52.868916,
              43.216682
            ],
            [
              52.879082,
              43.217856
            ],
            [
              52.889127,
              43.219492
            ],
            [
              52.899011,
              43.221584
            ],
            [
              52.908695,
              43.224125
            ],
            [
              52.918141,
              43.227104
            ],
            [
              52.927312,
              43.230508
            ],
            [
              52.936172,
              43.234326
            ],
            [
              52.944685,
              43.23854
            ],
            [
              52.952817,
              43.243136
            ],
            [
              52.960538,
              43.248094
            ],
            [
              52.967816,
              43.253395
            ],
            [
              52.974623,
              43.259018
            ],
            [
              52.980931,
              43.264941
            ],
            [
              52.986716,
              43.271139
            ],
            [
              52.991956,
              43.27759
            ],
            [
              52.996629,
              43.284266
            ],
            [
              53.000716,
              43.291142
            ],
            [
              53.004203,
              43.298191
            ],
            [
              53.007074,
              43.305384
            ],
            [
              53.00932,
              43.312693
            ],
            [
              53.01093,
              43.320089
            ],
            [
              53.012222,
              43.335027
            ]
          ]
        ]
      },
      "properties": {
        "@circle": {
          "type": "Mercator",
          "center": [
            52.8483818,
            43.3350271
          ]
        },
        "NAME": "Zhanaozen"
      }
    },
    {
      "type": "Feature",
      "geometry": {
        "type": "Polygon",
        "coordinates": [
          [
            [
              65.656862,
              44.847502
            ],
            [
              65.656555,
              44.854416
            ],
            [
              65.655637,
              44.861301
            ],
            [
              65.654111,
              44.868131
            ],
            [
              65.651982,
              44.874879
            ],
            [
              65.64926,
              44.881519
            ],
            [
              65.645955,
              44.888023
            ],
            [
              65.642081,
              44.894366
            ],
            [
              65.637651,
              44.900525
            ],
            [
              65.632684,
              44.906473
            ],
            [
              65.6272,
              44.912188
            ],
            [
              65.62122,
              44.917647
            ],
            [
              65.614768,
              44.92283
            ],
            [
              65.607869,
              44.927714
            ],
            [
              65.60055,
              44.932282
            ],
            [
              65.592841,
              44.936516
            ],
            [
              65.584772,
              44.940398
            ],
            [
              65.576373,
              44.943913
            ],
            [
              65.56768,
              44.947048
            ],
            [
              65.558726,
              44.949791
            ],
            [
              65.549546,
              44.95213
            ],
            [
              65.540177,
              44.954056
            ],
            [
              65.530655,
              44.955562
            ],
            [
              65.521018,
              44.956642
            ],
            [
              65.511305,
              44.957292
            ],
            [
              65.501553,
              44.957509
            ],
            [
              65.491801,
              44.957292
            ],
            [
              65.482088,
              44.956642
            ],
            [
              65.472451,
              44.955562
            ],
            [
              65.462929,
              44.954056
            ],
            [
              65.45356,
              44.95213
            ],
            [
              65.44438,
              44.949791
            ],
            [
              65.435426,
              44.947048
            ],
            [
              65.426732,
              44.943913
            ],
            [
              65.418334,
              44.940398
            ],
            [
              65.410265,
              44.936516
            ],
            [
              65.402555,
              44.932282
            ],
            [
              65.395237,
              44.927714
            ],
            [
              65.388338,
              44.92283
            ],
            [
              65.381885,
              44.917647
            ],
            [
              65.375905,
              44.912188
            ],
            [
              65.370421,
              44.906473
            ],
            [
              65.365455,
              44.900525
            ],
            [
              65.361025,
              44.894366
            ],
            [
              65.35715,
              44.888023
            ],
            [
              65.353845,
              44.881519
            ],
            [
              65.351123,
              44.874879
            ],
            [
              65.348995,
              44.868131
            ],
            [
              65.347469,
              44.861301
            ],
            [
              65.346551,
              44.854416
            ],
            [
              65.346244,
              44.847502
            ],
            [
              65.346551,
              44.840588
            ],
            [
              65.347469,
              44.8337
            ],
            [
              65.348995,
              44.826866
            ],
            [
              65.351123,
              44.820112
            ],
            [
              65.353845,
              44.813466
            ],
            [
              65.35715,
              44.806953
            ],
            [
              65.361025,
              44.8006
            ],
            [
              65.365455,
              44.794431
            ],
            [
              65.370421,
              44.788471
            ],
            [
              65.375905,
              44.782744
            ],
            [
              65.381885,
              44.777271
            ],
            [
              65.388338,
              44.772076
            ],
            [
              65.395237,
              44.767178
            ],
            [
              65.402555,
              44.762597
            ],
            [
              65.410265,
              44.758351
            ],
            [
              65.418334,
              44.754457
            ],
            [
              65.426732,
              44.75093
            ],
            [
              65.435426,
              44.747784
            ],
            [
              65.44438,
              44.745032
            ],
            [
              65.45356,
              44.742684
            ],
            [
              65.462929,
              44.740751
            ],
            [
              65.472451,
              44.739239
            ],
            [
              65.482088,
              44.738155
            ],
            [
              65.491801,
              44.737503
            ],
            [
              65.501553,
              44.737285
            ],
            [
              65.511305,
              44.737503
            ],
            [
              65.521018,
              44.738155
            ],
            [
              65.530655,
              44.739239
            ],
            [
              65.540177,
              44.740751
            ],
            [
              65.549546,
              44.742684
            ],
            [
              65.558726,
              44.745032
            ],
            [
              65.56768,
              44.747784
            ],
            [
              65.576373,
              44.75093
            ],
            [
              65.584772,
              44.754457
            ],
            [
              65.592841,
              44.758351
            ],
            [
              65.60055,
              44.762597
            ],
            [
              65.607869,
              44.767178
            ],
            [
              65.614768,
              44.772076
            ],
            [
              65.62122,
              44.777271
            ],
            [
              65.6272,
              44.782744
            ],
            [
              65.632684,
              44.788471
            ],
            [
              65.637651,
              44.794431
            ],
            [
              65.642081,
              44.8006
            ],
            [
              65.645955,
              44.806953
            ],
            [
              65.64926,
              44.813466
            ],
            [
              65.651982,
              44.820112
            ],
            [
              65.654111,
              44.826866
            ],
            [
              65.655637,
              44.8337
            ],
            [
              65.656862,
              44.847502
            ]
          ]
        ]
      },
      "properties": {
        "@circle": {
          "type": "Mercator",
          "center": [
            65.5015529,
            44.8475021
          ]
        },
        "NAME": "Kyzylorda"
      }
    },
    {
      "type": "Feature",
      "geometry": {
        "type": "Polygon",
        "coordinates": [
          [
            [
              68.360491,
              43.29938
            ],
            [
              68.360298,
              43.303848
            ],
            [
              68.35972,
              43.308299
            ],
            [
              68.358759,
              43.312714
            ],
            [
              68.357419,
              43.317076
            ],
            [
              68.355705,
              43.321368
            ],
            [
              68.353624,
              43.325573
            ],
            [
              68.351185,
              43.329674
            ],
            [
              68.348396,
              43.333656
            ],
            [
              68.345269,
              43.337501
            ],
            [
              68.341816,
              43.341197
            ],
            [
              68.33805,
              43.344727
            ],
            [
              68.333988,
              43.348078
            ],
            [
              68.329644,
              43.351237
            ],
            [
              68.325036,
              43.354191
            ],
            [
              68.320182,
              43.356928
            ],
            [
              68.315101,
              43.359439
            ],
            [
              68.309813,
              43.361713
            ],
            [
              68.30434,
              43.36374
            ],
            [
              68.298702,
              43.365514
            ],
            [
              68.292922,
              43.367027
            ],
            [
              68.287023,
              43.368273
            ],
            [
              68.281028,
              43.369247
            ],
            [
              68.27496,
              43.369945
            ],
            [
              68.268844,
              43.370366
            ],
            [
              68.262704,
              43.370506
            ],
            [
              68.256564,
              43.370366
            ],
            [
              68.250448,
              43.369945
            ],
            [
              68.244381,
              43.369247
            ],
            [
              68.238386,
              43.368273
            ],
            [
              68.232486,
              43.367027
            ],
            [
              68.226706,
              43.365514
            ],
            [
              68.221069,
              43.36374
            ],
            [
              68.215595,
              43.361713
            ],
            [
              68.210307,
              43.359439
            ],
            [
              68.205226,
              43.356928
            ],
            [
              68.200372,
              43.354191
            ],
            [
              68.195764,
              43.351237
            ],
            [
              68.191421,
              43.348078
            ],
            [
              68.187358,
              43.344727
            ],
            [
              68.183593,
              43.341197
            ],
            [
              68.18014,
              43.337501
            ],
            [
              68.177013,
              43.333656
            ],
            [
              68.174224,
              43.329674
            ],
            [
              68.171784,
              43.325573
            ],
            [
              68.169703,
              43.321368
            ],
            [
              68.167989,
              43.317076
            ],
            [
              68.166649,
              43.312714
            ],
            [
              68.165688,
              43.308299
            ],
            [
              68.16511,
              43.303848
            ],
            [
              68.164917,
              43.29938
            ],
            [
              68.16511,
              43.294911
            ],
            [
              68.165688,
              43.29046
            ],
            [
              68.166649,
              43.286043
            ],
            [
              68.167989,
              43.281679
            ],
            [
              68.169703,
              43.277384
            ],
            [
              68.171784,
              43.273176
            ],
            [
              68.174224,
              43.269071
            ],
            [
              68.177013,
              43.265085
            ],
            [
              68.18014,
              43.261235
            ],
            [
              68.183593,
              43.257534
            ],
            [
              68.187358,
              43.253999
            ],
            [
              68.191421,
              43.250643
            ],
            [
              68.195764,
              43.247479
            ],
            [
              68.200372,
              43.24452
            ],
            [
              68.205226,
              43.241777
            ],
            [
              68.210307,
              43.239262
            ],
            [
              68.215595,
              43.236983
            ],
            [
              68.221069,
              43.234952
            ],
            [
              68.226706,
              43.233174
            ],
            [
              68.232486,
              43.231658
            ],
            [
              68.238386,
              43.230409
            ],
            [
              68.244381,
              43.229433
            ],
            [
              68.250448,
              43.228733
            ],
            [
              68.256564,
              43.228311
            ],
            [
              68.262704,
              43.228171
            ],
            [
              68.268844,
              43.228311
            ],
            [
              68.27496,
              43.228733
            ],
            [
              68.281028,
              43.229433
            ],
            [
              68.287023,
              43.230409
            ],
            [
              68.292922,
              43.231658
            ],
            [
              68.298702,
              43.233174
            ],
            [
              68.30434,
              43.234952
            ],
            [
              68.309813,
              43.236983
            ],
            [
              68.315101,
              43.239262
            ],
            [
              68.320182,
              43.241777
            ],
            [
              68.325036,
              43.24452
            ],
            [
              68.329644,
              43.247479
            ],
            [
              68.333988,
              43.250643
            ],
            [
              68.33805,
              43.253999
            ],
            [
              68.341816,
              43.257534
            ],
            [
              68.345269,
              43.261235
            ],
            [
              68.348396,
              43.265085
            ],
            [
              68.351185,
              43.269071
            ],
            [
              68.353624,
              43.273176
            ],
            [
              68.355705,
              43.277384
            ],
            [
              68.357419,
              43.281679
            ],
            [
              68.358759,
              43.286043
            ],
            [
              68.35972,
              43.29046
            ],
            [
              68.360491,
              43.29938
            ]
          ]
        ]
      },
      "properties": {
        "@circle": {
          "type": "Mercator",
          "center": [
            68.2627042,
            43.29938
          ]
        },
        "NAME": "Turkistan"
      }
    },
    {
      "type": "Feature",
      "geometry": {
        "type": "Polygon",
        "coordinates": [
          [
            [
              68.584975,
              43.521508
            ],
            [
              68.584805,
              43.525437
            ],
            [
              68.584294,
              43.52935
            ],
            [
              68.583446,
              43.533232
            ],
            [
              68.582264,
              43.537067
            ],
            [
              68.580751,
              43.540841
            ],
            [
              68.578915,
              43.544538
            ],
            [
              68.576762,
              43.548144
            ],
            [
              68.574301,
              43.551645
            ],
            [
              68.571541,
              43.555027
            ],
            [
              68.568494,
              43.558276
            ],
            [
              68.565172,
              43.56138
            ],
            [
              68.561587,
              43.564327
            ],
            [
              68.557753,
              43.567104
            ],
            [
              68.553687,
              43.569702
            ],
            [
              68.549403,
              43.572109
            ],
            [
              68.54492,
              43.574317
            ],
            [
              68.540254,
              43.576316
            ],
            [
              68.535423,
              43.578099
            ],
            [
              68.530448,
              43.579659
            ],
            [
              68.525348,
              43.580989
            ],
            [
              68.520142,
              43.582084
            ],
            [
              68.514851,
              43.582941
            ],
            [
              68.509497,
              43.583555
            ],
            [
              68.5041,
              43.583925
            ],
            [
              68.498682,
              43.584048
            ],
            [
              68.493263,
              43.583925
            ],
            [
              68.487866,
              43.583555
            ],
            [
              68.482512,
              43.582941
            ],
            [
              68.477221,
              43.582084
            ],
            [
              68.472015,
              43.580989
            ],
            [
              68.466915,
              43.579659
            ],
            [
              68.46194,
              43.578099
            ],
            [
              68.457109,
              43.576316
            ],
            [
              68.452443,
              43.574317
            ],
            [
              68.44796,
              43.572109
            ],
            [
              68.443676,
              43.569702
            ],
            [
              68.43961,
              43.567104
            ],
            [
              68.435776,
              43.564327
            ],
            [
              68.432191,
              43.56138
            ],
            [
              68.428869,
              43.558276
            ],
            [
              68.425822,
              43.555027
            ],
            [
              68.423062,
              43.551645
            ],
            [
              68.420601,
              43.548144
            ],
            [
              68.418448,
              43.544538
            ],
            [
              68.416612,
              43.540841
            ],
            [
              68.415099,
              43.537067
            ],
            [
              68.413917,
              43.533232
            ],
            [
              68.413069,
              43.52935
            ],
            [
              68.412559,
              43.525437
            ],
            [
              68.412388,
              43.521508
            ],
            [
              68.412559,
              43.517579
            ],
            [
              68.413069,
              43.513665
            ],
            [
              68.413917,
              43.509782
            ],
            [
              68.415099,
              43.505945
            ],
            [
              68.416612,
              43.502169
            ],
            [
              68.418448,
              43.498469
            ],
            [
              68.420601,
              43.49486
            ],
            [
              68.423062,
              43.491356
            ],
            [
              68.425822,
              43.487971
            ],
            [
              68.428869,
              43.484718
            ],
            [
              68.432191,
              43.48161
            ],
            [
              68.435776,
              43.478659
            ],
            [
              68.43961,
              43.475877
            ],
            [
              68.443676,
              43.473276
            ],
            [
              68.44796,
              43.470865
            ],
            [
              68.452443,
              43.468653
            ],
            [
              68.457109,
              43.46665
            ],
            [
              68.46194,
              43.464864
            ],
            [
              68.466915,
              43.463302
            ],
            [
              68.472015,
              43.461969
            ],
            [
              68.477221,
              43.460871
            ],
            [
              68.482512,
              43.460013
            ],
            [
              68.487866,
              43.459397
            ],
            [
              68.493263,
              43.459027
            ],
            [
              68.498682,
              43.458903
            ],
            [
              68.5041,
              43.459027
            ],
            [
              68.509497,
              43.459397
            ],
            [
              68.514851,
              43.460013
            ],
            [
              68.520142,
              43.460871
            ],
            [
              68.525348,
              43.461969
            ],
            [
              68.530448,
              43.463302
            ],
            [
              68.535423,
              43.464864
            ],
            [
              68.540254,
              43.46665
            ],
            [
              68.54492,
              43.468653
            ],
            [
              68.549403,
              43.470865
            ],
            [
              68.553687,
              43.473276
            ],
            [
              68.557753,
              43.475877
            ],
            [
              68.561587,
              43.478659
            ],
            [
              68.565172,
              43.48161
            ],
            [
              68.568494,
              43.484718
            ],
            [
              68.571541,
              43.487971
            ],
            [
              68.574301,
              43.491356
            ],
            [
              68.576762,
              43.49486
            ],
            [
              68.578915,
              43.498469
            ],
            [
              68.580751,
              43.502169
            ],
            [
              68.582264,
              43.505945
            ],
            [
              68.583446,
              43.509782
            ],
            [
              68.584294,
              43.513665
            ],
            [
              68.584975,
              43.521508
            ]
          ]
        ]
      },
      "properties": {
        "@circle": {
          "type": "Mercator",
          "center": [
            68.4986815,
            43.5215081
          ]
        },
        "NAME": "Kentau"
      }
    },
    {
      "type": "Feature",
      "geometry": {
        "type": "Polygon",
        "coordinates": [
          [
            [
              69.86957,
              42.328371
            ],
            [
              69.868962,
              42.342687
            ],
            [
              69.867138,
              42.356943
            ],
            [
              69.864107,
              42.371083
            ],
            [
              69.85988,
              42.385051
            ],
            [
              69.854475,
              42.398793
            ],
            [
              69.847912,
              42.412254
            ],
            [
              69.840217,
              42.425381
            ],
            [
              69.83142,
              42.438123
            ],
            [
              69.821557,
              42.45043
            ],
            [
              69.810666,
              42.462253
            ],
            [
              69.798791,
              42.473547
            ],
            [
              69.785978,
              42.484266
            ],
            [
              69.772277,
              42.494369
            ],
            [
              69.757743,
              42.503816
            ],
            [
              69.742433,
              42.51257
            ],
            [
              69.726408,
              42.520597
            ],
            [
              69.709731,
              42.527866
            ],
            [
              69.692467,
              42.534348
            ],
            [
              69.674685,
              42.540018
            ],
            [
              69.656455,
              42.544854
            ],
            [
              69.637848,
              42.548837
            ],
            [
              69.618939,
              42.55195
            ],
            [
              69.599802,
              42.554183
            ],
            [
              69.580512,
              42.555526
            ],
            [
              69.561146,
              42.555975
            ],
            [
              69.54178,
              42.555526
            ],
            [
              69.522491,
              42.554183
            ],
            [
              69.503354,
              42.55195
            ],
            [
              69.484445,
              42.548837
            ],
            [
              69.465838,
              42.544854
            ],
            [
              69.447608,
              42.540018
            ],
            [
              69.429826,
              42.534348
            ],
            [
              69.412562,
              42.527866
            ],
            [
              69.395885,
              42.520597
            ],
            [
              69.379859,
              42.51257
            ],
            [
              69.36455,
              42.503816
            ],
            [
              69.350016,
              42.494369
            ],
            [
              69.336315,
              42.484266
            ],
            [
              69.323502,
              42.473547
            ],
            [
              69.311626,
              42.462253
            ],
            [
              69.300736,
              42.45043
            ],
            [
              69.290873,
              42.438123
            ],
            [
              69.282076,
              42.425381
            ],
            [
              69.274381,
              42.412254
            ],
            [
              69.267818,
              42.398793
            ],
            [
              69.262412,
              42.385051
            ],
            [
              69.258186,
              42.371083
            ],
            [
              69.255155,
              42.356943
            ],
            [
              69.253331,
              42.342687
            ],
            [
              69.252723,
              42.328371
            ],
            [
              69.253331,
              42.314052
            ],
            [
              69.255155,
              42.299786
            ],
            [
              69.258186,
              42.28563
            ],
            [
              69.262412,
              42.27164
            ],
            [
              69.267818,
              42.25787
            ],
            [
              69.274381,
              42.244376
            ],
            [
              69.282076,
              42.231211
            ],
            [
              69.290873,
              42.218427
            ],
            [
              69.300736,
              42.206075
            ],
            [
              69.311626,
              42.194203
            ],
            [
              69.323502,
              42.18286
            ],
            [
              69.336315,
              42.172089
            ],
            [
              69.350016,
              42.161934
            ],
            [
              69.36455,
              42.152436
            ],
            [
              69.379859,
              42.143631
            ],
            [
              69.395885,
              42.135555
            ],
            [
              69.412562,
              42.128241
            ],
            [
              69.429826,
              42.121717
            ],
            [
              69.447608,
              42.116009
            ],
            [
              69.465838,
              42.11114
            ],
            [
              69.484445,
              42.10713
            ],
            [
              69.503354,
              42.103994
            ],
            [
              69.522491,
              42.101745
            ],
            [
              69.54178,
              42.100392
            ],
            [
              69.561146,
              42.099941
            ],
            [
              69.580512,
              42.100392
            ],
            [
              69.599802,
              42.101745
            ],
            [
              69.618939,
              42.103994
            ],
            [
              69.637848,
              42.10713
            ],
            [
              69.656455,
              42.11114
            ],
            [
              69.674685,
              42.116009
            ],
            [
              69.692467,
              42.121717
            ],
            [
              69.709731,
              42.128241
            ],
            [
              69.726408,
              42.135555
            ],
            [
              69.742433,
              42.143631
            ],
            [
              69.757743,
              42.152436
            ],
            [
              69.772277,
              42.161934
            ],
            [
              69.785978,
              42.172089
            ],
            [
              69.798791,
              42.18286
            ],
            [
              69.810666,
              42.194203
            ],
            [
              69.821557,
              42.206075
            ],
            [
              69.83142,
              42.218427
            ],
            [
              69.840217,
              42.231211
            ],
            [
              69.847912,
              42.244376
            ],
            [
              69.854475,
              42.25787
            ],
            [
              69.85988,
              42.27164
            ],
            [
              69.864107,
              42.28563
            ],
            [
              69.867138,
              42.299786
            ],
            [
              69.86957,
              42.328371
            ]
          ]
        ]
      },
      "properties": {
        "@circle": {
          "type": "Mercator",
          "center": [
            69.5611464,
            42.328371
          ]
        },
        "NAME": "Shymkent"
      }
    },
    {
      "type": "Feature",
      "geometry": {
        "type": "Polygon",
        "coordinates": [
          [
            [
              77.215016,
              43.230102
            ],
            [
              77.214443,
              43.243393
            ],
            [
              77.212725,
              43.256628
            ],
            [
              77.20987,
              43.269756
            ],
            [
              77.205888,
              43.282725
            ],
            [
              77.200796,
              43.295484
            ],
            [
              77.194613,
              43.307981
            ],
            [
              77.187364,
              43.32017
            ],
            [
              77.179078,
              43.332
            ],
            [
              77.169786,
              43.343427
            ],
            [
              77.159527,
              43.354405
            ],
            [
              77.14834,
              43.364891
            ],
            [
              77.13627,
              43.374843
            ],
            [
              77.123363,
              43.384224
            ],
            [
              77.109672,
              43.392996
            ],
            [
              77.09525,
              43.401124
            ],
            [
              77.080153,
              43.408578
            ],
            [
              77.064443,
              43.415328
            ],
            [
              77.04818,
              43.421346
            ],
            [
              77.031428,
              43.426611
            ],
            [
              77.014255,
              43.431101
            ],
            [
              76.996727,
              43.434799
            ],
            [
              76.978915,
              43.43769
            ],
            [
              76.960887,
              43.439764
            ],
            [
              76.942715,
              43.441011
            ],
            [
              76.924472,
              43.441427
            ],
            [
              76.906229,
              43.441011
            ],
            [
              76.888057,
              43.439764
            ],
            [
              76.870029,
              43.43769
            ],
            [
              76.852217,
              43.434799
            ],
            [
              76.834689,
              43.431101
            ],
            [
              76.817516,
              43.426611
            ],
            [
              76.800764,
              43.421346
            ],
            [
              76.784501,
              43.415328
            ],
            [
              76.768791,
              43.408578
            ],
            [
              76.753694,
              43.401124
            ],
            [
              76.739272,
              43.392996
            ],
            [
              76.725581,
              43.384224
            ],
            [
              76.712674,
              43.374843
            ],
            [
              76.700604,
              43.364891
            ],
            [
              76.689417,
              43.354405
            ],
            [
              76.679157,
              43.343427
            ],
            [
              76.669866,
              43.332
            ],
            [
              76.66158,
              43.32017
            ],
            [
              76.654331,
              43.307981
            ],
            [
              76.648148,
              43.295484
            ],
            [
              76.643056,
              43.282725
            ],
            [
              76.639074,
              43.269756
            ],
            [
              76.636219,
              43.256628
            ],
            [
              76.634501,
              43.243393
            ],
            [
              76.633928,
              43.230102
            ],
            [
              76.634501,
              43.216808
            ],
            [
              76.636219,
              43.203564
            ],
            [
              76.639074,
              43.190422
            ],
            [
              76.643056,
              43.177433
            ],
            [
              76.648148,
              43.16465
            ],
            [
              76.654331,
              43.152123
            ],
            [
              76.66158,
              43.139901
            ],
            [
              76.669866,
              43.128033
            ],
            [
              76.679157,
              43.116566
            ],
            [
              76.689417,
              43.105545
            ],
            [
              76.700604,
              43.095014
            ],
            [
              76.712674,
              43.085016
            ],
            [
              76.725581,
              43.075589
            ],
            [
              76.739272,
              43.066771
            ],
            [
              76.753694,
              43.058598
            ],
            [
              76.768791,
              43.051102
            ],
            [
              76.784501,
              43.044312
            ],
            [
              76.800764,
              43.038255
            ],
            [
              76.817516,
              43.032957
            ],
            [
              76.834689,
              43.028437
            ],
            [
              76.852217,
              43.024715
            ],
            [
              76.870029,
              43.021804
            ],
            [
              76.888057,
              43.019716
            ],
            [
              76.906229,
              43.01846
            ],
            [
              76.924472,
              43.018041
            ],
            [
              76.942715,
              43.01846
            ],
            [
              76.960887,
              43.019716
            ],
            [
              76.978915,
              43.021804
            ],
            [
              76.996727,
              43.024715
            ],
            [
              77.014255,
              43.028437
            ],
            [
              77.031428,
              43.032957
            ],
            [
              77.04818,
              43.038255
            ],
            [
              77.064443,
              43.044312
            ],
            [
              77.080153,
              43.051102
            ],
            [
              77.09525,
              43.058598
            ],
            [
              77.109672,
              43.066771
            ],
            [
              77.123363,
              43.075589
            ],
            [
              77.13627,
              43.085016
            ],
            [
              77.14834,
              43.095014
            ],
            [
              77.159527,
              43.105545
            ],
            [
              77.169786,
              43.116566
            ],
            [
              77.179078,
              43.128033
            ],
            [
              77.187364,
              43.139901
            ],
            [
              77.194613,
              43.152123
            ],
            [
              77.200796,
              43.16465
            ],
            [
              77.205888,
              43.177433
            ],
            [
              77.20987,
              43.190422
            ],
            [
              77.212725,
              43.203564
            ],
            [
              77.215016,
              43.230102
            ]
          ]
        ]
      },
      "properties": {
        "@circle": {
          "type": "Mercator",
          "center": [
            76.924472,
            43.2301019
          ]
        },
        "NAME": "Almaty"
      }
    },
    {
      "type": "Feature",
      "geometry": {
        "type": "Polygon",
        "coordinates": [
          [
            [
              67.77851,
              47.805411
            ],
            [
              67.778365,
              47.808518
            ],
            [
              67.777929,
              47.811612
            ],
            [
              67.777205,
              47.814681
            ],
            [
              67.776196,
              47.817714
            ],
            [
              67.774905,
              47.820698
            ],
            [
              67.773337,
              47.823622
            ],
            [
              67.771499,
              47.826473
            ],
            [
              67.769398,
              47.829242
            ],
            [
              67.767042,
              47.831916
            ],
            [
              67.764441,
              47.834485
            ],
            [
              67.761605,
              47.83694
            ],
            [
              67.758544,
              47.83927
            ],
            [
              67.755272,
              47.841466
            ],
            [
              67.751801,
              47.84352
            ],
            [
              67.748144,
              47.845424
            ],
            [
              67.744317,
              47.847169
            ],
            [
              67.740333,
              47.84875
            ],
            [
              67.73621,
              47.85016
            ],
            [
              67.731963,
              47.851394
            ],
            [
              67.727609,
              47.852446
            ],
            [
              67.723165,
              47.853312
            ],
            [
              67.718648,
              47.853989
            ],
            [
              67.714077,
              47.854475
            ],
            [
              67.70947,
              47.854767
            ],
            [
              67.704845,
              47.854865
            ],
            [
              67.700219,
              47.854767
            ],
            [
              67.695612,
              47.854475
            ],
            [
              67.691041,
              47.853989
            ],
            [
              67.686525,
              47.853312
            ],
            [
              67.682081,
              47.852446
            ],
            [
              67.677727,
              47.851394
            ],
            [
              67.673479,
              47.85016
            ],
            [
              67.669356,
              47.84875
            ],
            [
              67.665373,
              47.847169
            ],
            [
              67.661545,
              47.845424
            ],
            [
              67.657889,
              47.84352
            ],
            [
              67.654417,
              47.841466
            ],
            [
              67.651145,
              47.83927
            ],
            [
              67.648084,
              47.83694
            ],
            [
              67.645248,
              47.834485
            ],
            [
              67.642647,
              47.831916
            ],
            [
              67.640291,
              47.829242
            ],
            [
              67.63819,
              47.826473
            ],
            [
              67.636352,
              47.823622
            ],
            [
              67.634785,
              47.820698
            ],
            [
              67.633494,
              47.817714
            ],
            [
              67.632484,
              47.814681
            ],
            [
              67.63176,
              47.811612
            ],
            [
              67.631325,
              47.808518
            ],
            [
              67.631179,
              47.805411
            ],
            [
              67.631325,
              47.802304
            ],
            [
              67.63176,
              47.79921
            ],
            [
              67.632484,
              47.796139
            ],
            [
              67.633494,
              47.793105
            ],
            [
              67.634785,
              47.790119
            ],
            [
              67.636352,
              47.787194
            ],
            [
              67.63819,
              47.78434
            ],
            [
              67.640291,
              47.78157
            ],
            [
              67.642647,
              47.778893
            ],
            [
              67.645248,
              47.776321
            ],
            [
              67.648084,
              47.773863
            ],
            [
              67.651145,
              47.77153
            ],
            [
              67.654417,
              47.769331
            ],
            [
              67.657889,
              47.767274
            ],
            [
              67.661545,
              47.765368
            ],
            [
              67.665373,
              47.763619
            ],
            [
              67.669356,
              47.762036
            ],
            [
              67.673479,
              47.760623
            ],
            [
              67.677727,
              47.759388
            ],
            [
              67.682081,
              47.758334
            ],
            [
              67.686525,
              47.757466
            ],
            [
              67.691041,
              47.756787
            ],
            [
              67.695612,
              47.756301
            ],
            [
              67.700219,
              47.756008
            ],
            [
              67.704845,
              47.75591
            ],
            [
              67.70947,
              47.756008
            ],
            [
              67.714077,
              47.756301
            ],
            [
              67.718648,
              47.756787
            ],
            [
              67.723165,
              47.757466
            ],
            [
              67.727609,
              47.758334
            ],
            [
              67.731963,
              47.759388
            ],
            [
              67.73621,
              47.760623
            ],
            [
              67.740333,
              47.762036
            ],
            [
              67.744317,
              47.763619
            ],
            [
              67.748144,
              47.765368
            ],
            [
              67.751801,
              47.767274
            ],
            [
              67.755272,
              47.769331
            ],
            [
              67.758544,
              47.77153
            ],
            [
              67.761605,
              47.773863
            ],
            [
              67.764441,
              47.776321
            ],
            [
              67.767042,
              47.778893
            ],
            [
              67.769398,
              47.78157
            ],
            [
              67.771499,
              47.78434
            ],
            [
              67.773337,
              47.787194
            ],
            [
              67.774905,
              47.790119
            ],
            [
              67.776196,
              47.793105
            ],
            [
              67.777205,
              47.796139
            ],
            [
              67.777929,
              47.79921
            ],
            [
              67.77851,
              47.805411
            ]
          ]
        ]
      },
      "properties": {
        "@circle": {
          "type": "Mercator",
          "center": [
            67.7048447,
            47.8054111
          ]
        },
        "NAME": "Zhezqazghan"
      }
    },
    {
      "type": "Feature",
      "geometry": {
        "type": "Polygon",
        "coordinates": [
          [
            [
              71.553922,
              42.905954
            ],
            [
              71.553589,
              42.913734
            ],
            [
              71.552589,
              42.921481
            ],
            [
              71.550926,
              42.929167
            ],
            [
              71.548608,
              42.93676
            ],
            [
              71.545643,
              42.94423
            ],
            [
              71.542044,
              42.951549
            ],
            [
              71.537823,
              42.958686
            ],
            [
              71.532999,
              42.965615
            ],
            [
              71.52759,
              42.972308
            ],
            [
              71.521617,
              42.978739
            ],
            [
              71.515104,
              42.984881
            ],
            [
              71.508076,
              42.990712
            ],
            [
              71.500562,
              42.996208
            ],
            [
              71.492591,
              43.001348
            ],
            [
              71.484194,
              43.006111
            ],
            [
              71.475405,
              43.010479
            ],
            [
              71.466259,
              43.014434
            ],
            [
              71.45679,
              43.017961
            ],
            [
              71.447038,
              43.021047
            ],
            [
              71.437039,
              43.023679
            ],
            [
              71.426835,
              43.025846
            ],
            [
              71.416464,
              43.027541
            ],
            [
              71.405969,
              43.028756
            ],
            [
              71.395389,
              43.029487
            ],
            [
              71.384768,
              43.029731
            ],
            [
              71.374147,
              43.029487
            ],
            [
              71.363567,
              43.028756
            ],
            [
              71.353071,
              43.027541
            ],
            [
              71.342701,
              43.025846
            ],
            [
              71.332496,
              43.023679
            ],
            [
              71.322498,
              43.021047
            ],
            [
              71.312745,
              43.017961
            ],
            [
              71.303277,
              43.014434
            ],
            [
              71.29413,
              43.010479
            ],
            [
              71.285341,
              43.006111
            ],
            [
              71.276945,
              43.001348
            ],
            [
              71.268974,
              42.996208
            ],
            [
              71.261459,
              42.990712
            ],
            [
              71.254432,
              42.984881
            ],
            [
              71.247919,
              42.978739
            ],
            [
              71.241946,
              42.972308
            ],
            [
              71.236537,
              42.965615
            ],
            [
              71.231712,
              42.958686
            ],
            [
              71.227492,
              42.951549
            ],
            [
              71.223892,
              42.94423
            ],
            [
              71.220928,
              42.93676
            ],
            [
              71.218609,
              42.929167
            ],
            [
              71.216947,
              42.921481
            ],
            [
              71.215947,
              42.913734
            ],
            [
              71.215613,
              42.905954
            ],
            [
              71.215947,
              42.898174
            ],
            [
              71.216947,
              42.890424
            ],
            [
              71.218609,
              42.882733
            ],
            [
              71.220928,
              42.875134
            ],
            [
              71.223892,
              42.867655
            ],
            [
              71.227492,
              42.860327
            ],
            [
              71.231712,
              42.853177
            ],
            [
              71.236537,
              42.846236
            ],
            [
              71.241946,
              42.839529
            ],
            [
              71.247919,
              42.833084
            ],
            [
              71.254432,
              42.826926
            ],
            [
              71.261459,
              42.82108
            ],
            [
              71.268974,
              42.815568
            ],
            [
              71.276945,
              42.810413
            ],
            [
              71.285341,
              42.805635
            ],
            [
              71.29413,
              42.801253
            ],
            [
              71.303277,
              42.797284
            ],
            [
              71.312745,
              42.793744
            ],
            [
              71.322498,
              42.790647
            ],
            [
              71.332496,
              42.788005
            ],
            [
              71.342701,
              42.785829
            ],
            [
              71.353071,
              42.784128
            ],
            [
              71.363567,
              42.782908
            ],
            [
              71.374147,
              42.782174
            ],
            [
              71.384768,
              42.781929
            ],
            [
              71.395389,
              42.782174
            ],
            [
              71.405969,
              42.782908
            ],
            [
              71.416464,
              42.784128
            ],
            [
              71.426835,
              42.785829
            ],
            [
              71.437039,
              42.788005
            ],
            [
              71.447038,
              42.790647
            ],
            [
              71.45679,
              42.793744
            ],
            [
              71.466259,
              42.797284
            ],
            [
              71.475405,
              42.801253
            ],
            [
              71.484194,
              42.805635
            ],
            [
              71.492591,
              42.810413
            ],
            [
              71.500562,
              42.815568
            ],
            [
              71.508076,
              42.82108
            ],
            [
              71.515104,
              42.826926
            ],
            [
              71.521617,
              42.833084
            ],
            [
              71.52759,
              42.839529
            ],
            [
              71.532999,
              42.846236
            ],
            [
              71.537823,
              42.853177
            ],
            [
              71.542044,
              42.860327
            ],
            [
              71.545643,
              42.867655
            ],
            [
              71.548608,
              42.875134
            ],
            [
              71.550926,
              42.882733
            ],
            [
              71.552589,
              42.890424
            ],
            [
              71.553922,
              42.905954
            ]
          ]
        ]
      },
      "properties": {
        "@circle": {
          "type": "Mercator",
          "center": [
            71.3847678,
            42.9059544
          ]
        },
        "NAME": "Taraz"
      }
    },
    {
      "type": "Feature",
      "geometry": {
        "type": "Polygon",
        "coordinates": [
          [
            [
              75.032989,
              46.846329
            ],
            [
              75.032866,
              46.849016
            ],
            [
              75.032496,
              46.851693
            ],
            [
              75.031881,
              46.854348
            ],
            [
              75.031023,
              46.856972
            ],
            [
              75.029927,
              46.859553
            ],
            [
              75.028595,
              46.862083
            ],
            [
              75.027034,
              46.864549
            ],
            [
              75.025249,
              46.866944
            ],
            [
              75.023248,
              46.869258
            ],
            [
              75.021038,
              46.871481
            ],
            [
              75.018629,
              46.873604
            ],
            [
              75.016029,
              46.87562
            ],
            [
              75.013249,
              46.87752
            ],
            [
              75.0103,
              46.879297
            ],
            [
              75.007194,
              46.880944
            ],
            [
              75.003943,
              46.882455
            ],
            [
              75.000559,
              46.883822
            ],
            [
              74.997056,
              46.885042
            ],
            [
              74.993448,
              46.886109
            ],
            [
              74.989749,
              46.887019
            ],
            [
              74.985974,
              46.887769
            ],
            [
              74.982138,
              46.888355
            ],
            [
              74.978255,
              46.888775
            ],
            [
              74.974341,
              46.889028
            ],
            [
              74.970412,
              46.889112
            ],
            [
              74.966482,
              46.889028
            ],
            [
              74.962569,
              46.888775
            ],
            [
              74.958686,
              46.888355
            ],
            [
              74.954849,
              46.887769
            ],
            [
              74.951074,
              46.887019
            ],
            [
              74.947375,
              46.886109
            ],
            [
              74.943767,
              46.885042
            ],
            [
              74.940264,
              46.883822
            ],
            [
              74.936881,
              46.882455
            ],
            [
              74.933629,
              46.880944
            ],
            [
              74.930523,
              46.879297
            ],
            [
              74.927574,
              46.87752
            ],
            [
              74.924794,
              46.87562
            ],
            [
              74.922195,
              46.873604
            ],
            [
              74.919785,
              46.871481
            ],
            [
              74.917575,
              46.869258
            ],
            [
              74.915574,
              46.866944
            ],
            [
              74.913789,
              46.864549
            ],
            [
              74.912228,
              46.862083
            ],
            [
              74.910896,
              46.859553
            ],
            [
              74.9098,
              46.856972
            ],
            [
              74.908942,
              46.854348
            ],
            [
              74.908327,
              46.851693
            ],
            [
              74.907957,
              46.849016
            ],
            [
              74.907834,
              46.846329
            ],
            [
              74.907957,
              46.843641
            ],
            [
              74.908327,
              46.840964
            ],
            [
              74.908942,
              46.838308
            ],
            [
              74.9098,
              46.835684
            ],
            [
              74.910896,
              46.833101
            ],
            [
              74.912228,
              46.830571
            ],
            [
              74.913789,
              46.828102
            ],
            [
              74.915574,
              46.825706
            ],
            [
              74.917575,
              46.82339
            ],
            [
              74.919785,
              46.821165
            ],
            [
              74.922195,
              46.81904
            ],
            [
              74.924794,
              46.817022
            ],
            [
              74.927574,
              46.81512
            ],
            [
              74.930523,
              46.81334
            ],
            [
              74.933629,
              46.811691
            ],
            [
              74.936881,
              46.810179
            ],
            [
              74.940264,
              46.808809
            ],
            [
              74.943767,
              46.807588
            ],
            [
              74.947375,
              46.806519
            ],
            [
              74.951074,
              46.805608
            ],
            [
              74.954849,
              46.804857
            ],
            [
              74.958686,
              46.80427
            ],
            [
              74.962569,
              46.803849
            ],
            [
              74.966482,
              46.803596
            ],
            [
              74.970412,
              46.803511
            ],
            [
              74.974341,
              46.803596
            ],
            [
              74.978255,
              46.803849
            ],
            [
              74.982138,
              46.80427
            ],
            [
              74.985974,
              46.804857
            ],
            [
              74.989749,
              46.805608
            ],
            [
              74.993448,
              46.806519
            ],
            [
              74.997056,
              46.807588
            ],
            [
              75.000559,
              46.808809
            ],
            [
              75.003943,
              46.810179
            ],
            [
              75.007194,
              46.811691
            ],
            [
              75.0103,
              46.81334
            ],
            [
              75.013249,
              46.81512
            ],
            [
              75.016029,
              46.817022
            ],
            [
              75.018629,
              46.81904
            ],
            [
              75.021038,
              46.821165
            ],
            [
              75.023248,
              46.82339
            ],
            [
              75.025249,
              46.825706
            ],
            [
              75.027034,
              46.828102
            ],
            [
              75.028595,
              46.830571
            ],
            [
              75.029927,
              46.833101
            ],
            [
              75.031023,
              46.835684
            ],
            [
              75.031881,
              46.838308
            ],
            [
              75.032496,
              46.840964
            ],
            [
              75.032989,
              46.846329
            ]
          ]
        ]
      },
      "properties": {
        "@circle": {
          "type": "Mercator",
          "center": [
            74.9704116,
            46.8463289
          ]
        },
        "NAME": "Balkhash"
      }
    },
    {
      "type": "Feature",
      "geometry": {
        "type": "Polygon",
        "coordinates": [
          [
            [
              73.230609,
              49.810483
            ],
            [
              73.230354,
              49.815708
            ],
            [
              73.229592,
              49.820912
            ],
            [
              73.228325,
              49.826075
            ],
            [
              73.226557,
              49.831175
            ],
            [
              73.224297,
              49.836193
            ],
            [
              73.221553,
              49.84111
            ],
            [
              73.218335,
              49.845904
            ],
            [
              73.214657,
              49.850559
            ],
            [
              73.210533,
              49.855055
            ],
            [
              73.205979,
              49.859375
            ],
            [
              73.201014,
              49.863502
            ],
            [
              73.195656,
              49.867419
            ],
            [
              73.189927,
              49.871111
            ],
            [
              73.18385,
              49.874564
            ],
            [
              73.177448,
              49.877764
            ],
            [
              73.170748,
              49.880699
            ],
            [
              73.163774,
              49.883356
            ],
            [
              73.156556,
              49.885726
            ],
            [
              73.14912,
              49.887799
            ],
            [
              73.141498,
              49.889567
            ],
            [
              73.133718,
              49.891024
            ],
            [
              73.125811,
              49.892162
            ],
            [
              73.117809,
              49.892979
            ],
            [
              73.109744,
              49.89347
            ],
            [
              73.101646,
              49.893634
            ],
            [
              73.093548,
              49.89347
            ],
            [
              73.085482,
              49.892979
            ],
            [
              73.077481,
              49.892162
            ],
            [
              73.069574,
              49.891024
            ],
            [
              73.061794,
              49.889567
            ],
            [
              73.054171,
              49.887799
            ],
            [
              73.046736,
              49.885726
            ],
            [
              73.039517,
              49.883356
            ],
            [
              73.032544,
              49.880699
            ],
            [
              73.025843,
              49.877764
            ],
            [
              73.019442,
              49.874564
            ],
            [
              73.013365,
              49.871111
            ],
            [
              73.007636,
              49.867419
            ],
            [
              73.002278,
              49.863502
            ],
            [
              72.997313,
              49.859375
            ],
            [
              72.992759,
              49.855055
            ],
            [
              72.988635,
              49.850559
            ],
            [
              72.984957,
              49.845904
            ],
            [
              72.981739,
              49.84111
            ],
            [
              72.978995,
              49.836193
            ],
            [
              72.976734,
              49.831175
            ],
            [
              72.974967,
              49.826075
            ],
            [
              72.9737,
              49.820912
            ],
            [
              72.972937,
              49.815708
            ],
            [
              72.972683,
              49.810483
            ],
            [
              72.972937,
              49.805257
            ],
            [
              72.9737,
              49.800051
            ],
            [
              72.974967,
              49.794886
            ],
            [
              72.976734,
              49.789782
            ],
            [
              72.978995,
              49.784759
            ],
            [
              72.981739,
              49.779837
            ],
            [
              72.984957,
              49.775036
            ],
            [
              72.988635,
              49.770374
            ],
            [
              72.992759,
              49.76587
            ],
            [
              72.997313,
              49.761542
            ],
            [
              73.002278,
              49.757406
            ],
            [
              73.007636,
              49.75348
            ],
            [
              73.013365,
              49.749779
            ],
            [
              73.019442,
              49.746317
            ],
            [
              73.025843,
              49.743108
            ],
            [
              73.032544,
              49.740165
            ],
            [
              73.039517,
              49.7375
            ],
            [
              73.046736,
              49.735123
            ],
            [
              73.054171,
              49.733043
            ],
            [
              73.061794,
              49.731269
            ],
            [
              73.069574,
              49.729808
            ],
            [
              73.077481,
              49.728666
            ],
            [
              73.085482,
              49.727847
            ],
            [
              73.093548,
              49.727354
            ],
            [
              73.101646,
              49.727189
            ],
            [
              73.109744,
              49.727354
            ],
            [
              73.117809,
              49.727847
            ],
            [
              73.125811,
              49.728666
            ],
            [
              73.133718,
              49.729808
            ],
            [
              73.141498,
              49.731269
            ],
            [
              73.14912,
              49.733043
            ],
            [
              73.156556,
              49.735123
            ],
            [
              73.163774,
              49.7375
            ],
            [
              73.170748,
              49.740165
            ],
            [
              73.177448,
              49.743108
            ],
            [
              73.18385,
              49.746317
            ],
            [
              73.189927,
              49.749779
            ],
            [
              73.195656,
              49.75348
            ],
            [
              73.201014,
              49.757406
            ],
            [
              73.205979,
              49.761542
            ],
            [
              73.210533,
              49.76587
            ],
            [
              73.214657,
              49.770374
            ],
            [
              73.218335,
              49.775036
            ],
            [
              73.221553,
              49.779837
            ],
            [
              73.224297,
              49.784759
            ],
            [
              73.226557,
              49.789782
            ],
            [
              73.228325,
              49.794886
            ],
            [
              73.229592,
              49.800051
            ],
            [
              73.230609,
              49.810483
            ]
          ]
        ]
      },
      "properties": {
        "@circle": {
          "type": "Mercator",
          "center": [
            73.1016458,
            49.8104831
          ]
        },
        "NAME": "Karaganda"
      }
    },
    {
      "type": "Feature",
      "geometry": {
        "type": "Polygon",
        "coordinates": [
          [
            [
              73.059867,
              50.063562
            ],
            [
              73.059638,
              50.068225
            ],
            [
              73.058954,
              50.07287
            ],
            [
              73.057817,
              50.077477
            ],
            [
              73.056232,
              50.082029
            ],
            [
              73.054204,
              50.086507
            ],
            [
              73.051742,
              50.090895
            ],
            [
              73.048856,
              50.095174
            ],
            [
              73.045556,
              50.099328
            ],
            [
              73.041856,
              50.103341
            ],
            [
              73.037771,
              50.107197
            ],
            [
              73.033316,
              50.11088
            ],
            [
              73.028509,
              50.114376
            ],
            [
              73.02337,
              50.117672
            ],
            [
              73.017918,
              50.120753
            ],
            [
              73.012175,
              50.12361
            ],
            [
              73.006164,
              50.126229
            ],
            [
              72.999908,
              50.128601
            ],
            [
              72.993432,
              50.130716
            ],
            [
              72.986761,
              50.132566
            ],
            [
              72.979923,
              50.134144
            ],
            [
              72.972943,
              50.135444
            ],
            [
              72.96585,
              50.13646
            ],
            [
              72.958671,
              50.137189
            ],
            [
              72.951436,
              50.137628
            ],
            [
              72.944171,
              50.137774
            ],
            [
              72.936906,
              50.137628
            ],
            [
              72.92967,
              50.137189
            ],
            [
              72.922492,
              50.13646
            ],
            [
              72.915399,
              50.135444
            ],
            [
              72.908419,
              50.134144
            ],
            [
              72.90158,
              50.132566
            ],
            [
              72.89491,
              50.130716
            ],
            [
              72.888434,
              50.128601
            ],
            [
              72.882178,
              50.126229
            ],
            [
              72.876167,
              50.12361
            ],
            [
              72.870424,
              50.120753
            ],
            [
              72.864972,
              50.117672
            ],
            [
              72.859832,
              50.114376
            ],
            [
              72.855026,
              50.11088
            ],
            [
              72.850571,
              50.107197
            ],
            [
              72.846486,
              50.103341
            ],
            [
              72.842786,
              50.099328
            ],
            [
              72.839486,
              50.095174
            ],
            [
              72.8366,
              50.090895
            ],
            [
              72.834138,
              50.086507
            ],
            [
              72.83211,
              50.082029
            ],
            [
              72.830524,
              50.077477
            ],
            [
              72.829387,
              50.07287
            ],
            [
              72.828703,
              50.068225
            ],
            [
              72.828475,
              50.063562
            ],
            [
              72.828703,
              50.058898
            ],
            [
              72.829387,
              50.054253
            ],
            [
              72.830524,
              50.049643
            ],
            [
              72.83211,
              50.045088
            ],
            [
              72.834138,
              50.040606
            ],
            [
              72.8366,
              50.036214
            ],
            [
              72.839486,
              50.031929
            ],
            [
              72.842786,
              50.027769
            ],
            [
              72.846486,
              50.02375
            ],
            [
              72.850571,
              50.019888
            ],
            [
              72.855026,
              50.016198
            ],
            [
              72.859832,
              50.012694
            ],
            [
              72.864972,
              50.009391
            ],
            [
              72.870424,
              50.006302
            ],
            [
              72.876167,
              50.003439
            ],
            [
              72.882178,
              50.000813
            ],
            [
              72.888434,
              49.998435
            ],
            [
              72.89491,
              49.996314
            ],
            [
              72.90158,
              49.994458
            ],
            [
              72.908419,
              49.992876
            ],
            [
              72.915399,
              49.991572
            ],
            [
              72.922492,
              49.990553
            ],
            [
              72.92967,
              49.989822
            ],
            [
              72.936906,
              49.989382
            ],
            [
              72.944171,
              49.989235
            ],
            [
              72.951436,
              49.989382
            ],
            [
              72.958671,
              49.989822
            ],
            [
              72.96585,
              49.990553
            ],
            [
              72.972943,
              49.991572
            ],
            [
              72.979923,
              49.992876
            ],
            [
              72.986761,
              49.994458
            ],
            [
              72.993432,
              49.996314
            ],
            [
              72.999908,
              49.998435
            ],
            [
              73.006164,
              50.000813
            ],
            [
              73.012175,
              50.003439
            ],
            [
              73.017918,
              50.006302
            ],
            [
              73.02337,
              50.009391
            ],
            [
              73.028509,
              50.012694
            ],
            [
              73.033316,
              50.016198
            ],
            [
              73.037771,
              50.019888
            ],
            [
              73.041856,
              50.02375
            ],
            [
              73.045556,
              50.027769
            ],
            [
              73.048856,
              50.031929
            ],
            [
              73.051742,
              50.036214
            ],
            [
              73.054204,
              50.040606
            ],
            [
              73.056232,
              50.045088
            ],
            [
              73.057817,
              50.049643
            ],
            [
              73.058954,
              50.054253
            ],
            [
              73.059867,
              50.063562
            ]
          ]
        ]
      },
      "properties": {
        "@circle": {
          "type": "Mercator",
          "center": [
            72.9441709,
            50.063562
          ]
        },
        "NAME": "Temirtau"
      }
    },
    {
      "type": "Feature",
      "geometry": {
        "type": "Polygon",
        "coordinates": [
          [
            [
              77.106365,
              52.292672
            ],
            [
              77.106045,
              52.298902
            ],
            [
              77.105086,
              52.305107
            ],
            [
              77.103492,
              52.311261
            ],
            [
              77.101269,
              52.317342
            ],
            [
              77.098425,
              52.323324
            ],
            [
              77.094973,
              52.329185
            ],
            [
              77.090925,
              52.3349
            ],
            [
              77.086298,
              52.340449
            ],
            [
              77.08111,
              52.345808
            ],
            [
              77.075382,
              52.350958
            ],
            [
              77.069135,
              52.355876
            ],
            [
              77.062395,
              52.360545
            ],
            [
              77.055188,
              52.364946
            ],
            [
              77.047543,
              52.369061
            ],
            [
              77.03949,
              52.372875
            ],
            [
              77.031061,
              52.376373
            ],
            [
              77.022288,
              52.37954
            ],
            [
              77.013207,
              52.382364
            ],
            [
              77.003854,
              52.384835
            ],
            [
              76.994265,
              52.386942
            ],
            [
              76.984478,
              52.388677
            ],
            [
              76.974531,
              52.390034
            ],
            [
              76.964465,
              52.391007
            ],
            [
              76.954318,
              52.391592
            ],
            [
              76.944132,
              52.391788
            ],
            [
              76.933945,
              52.391592
            ],
            [
              76.923798,
              52.391007
            ],
            [
              76.913732,
              52.390034
            ],
            [
              76.903786,
              52.388677
            ],
            [
              76.893999,
              52.386942
            ],
            [
              76.884409,
              52.384835
            ],
            [
              76.875056,
              52.382364
            ],
            [
              76.865975,
              52.37954
            ],
            [
              76.857202,
              52.376373
            ],
            [
              76.848773,
              52.372875
            ],
            [
              76.84072,
              52.369061
            ],
            [
              76.833075,
              52.364946
            ],
            [
              76.825868,
              52.360545
            ],
            [
              76.819128,
              52.355876
            ],
            [
              76.812882,
              52.350958
            ],
            [
              76.807153,
              52.345808
            ],
            [
              76.801965,
              52.340449
            ],
            [
              76.797338,
              52.3349
            ],
            [
              76.79329,
              52.329185
            ],
            [
              76.789838,
              52.323324
            ],
            [
              76.786995,
              52.317342
            ],
            [
              76.784771,
              52.311261
            ],
            [
              76.783177,
              52.305107
            ],
            [
              76.782218,
              52.298902
            ],
            [
              76.781898,
              52.292672
            ],
            [
              76.782218,
              52.286441
            ],
            [
              76.783177,
              52.280234
            ],
            [
              76.784771,
              52.274075
            ],
            [
              76.786995,
              52.267988
            ],
            [
              76.789838,
              52.261999
            ],
            [
              76.79329,
              52.256129
            ],
            [
              76.797338,
              52.250403
            ],
            [
              76.801965,
              52.244843
            ],
            [
              76.807153,
              52.239472
            ],
            [
              76.812882,
              52.234309
            ],
            [
              76.819128,
              52.229377
            ],
            [
              76.825868,
              52.224694
            ],
            [
              76.833075,
              52.22028
            ],
            [
              76.84072,
              52.21615
            ],
            [
              76.848773,
              52.212323
            ],
            [
              76.857202,
              52.208813
            ],
            [
              76.865975,
              52.205633
            ],
            [
              76.875056,
              52.202798
            ],
            [
              76.884409,
              52.200317
            ],
            [
              76.893999,
              52.198201
            ],
            [
              76.903786,
              52.196458
            ],
            [
              76.913732,
              52.195095
            ],
            [
              76.923798,
              52.194118
            ],
            [
              76.933945,
              52.19353
            ],
            [
              76.944132,
              52.193334
            ],
            [
              76.954318,
              52.19353
            ],
            [
              76.964465,
              52.194118
            ],
            [
              76.974531,
              52.195095
            ],
            [
              76.984478,
              52.196458
            ],
            [
              76.994265,
              52.198201
            ],
            [
              77.003854,
              52.200317
            ],
            [
              77.013207,
              52.202798
            ],
            [
              77.022288,
              52.205633
            ],
            [
              77.031061,
              52.208813
            ],
            [
              77.03949,
              52.212323
            ],
            [
              77.047543,
              52.21615
            ],
            [
              77.055188,
              52.22028
            ],
            [
              77.062395,
              52.224694
            ],
            [
              77.069135,
              52.229377
            ],
            [
              77.075382,
              52.234309
            ],
            [
              77.08111,
              52.239472
            ],
            [
              77.086298,
              52.244843
            ],
            [
              77.090925,
              52.250403
            ],
            [
              77.094973,
              52.256129
            ],
            [
              77.098425,
              52.261999
            ],
            [
              77.101269,
              52.267988
            ],
            [
              77.103492,
              52.274075
            ],
            [
              77.105086,
              52.280234
            ],
            [
              77.106365,
              52.292672
            ]
          ]
        ]
      },
      "properties": {
        "@circle": {
          "type": "Mercator",
          "center": [
            76.9441316,
            52.2926719
          ]
        },
        "NAME": "Pavlodar"
      }
    },
    {
      "type": "Feature",
      "geometry": {
        "type": "Polygon",
        "coordinates": [
          [
            [
              75.454969,
              51.722752
            ],
            [
              75.454706,
              51.727927
            ],
            [
              75.45392,
              51.733081
            ],
            [
              75.452612,
              51.738194
            ],
            [
              75.450789,
              51.743245
            ],
            [
              75.448457,
              51.748214
            ],
            [
              75.445626,
              51.753083
            ],
            [
              75.442306,
              51.757831
            ],
            [
              75.438512,
              51.762441
            ],
            [
              75.434257,
              51.766893
            ],
            [
              75.429559,
              51.771171
            ],
            [
              75.424436,
              51.775258
            ],
            [
              75.418908,
              51.779137
            ],
            [
              75.412998,
              51.782794
            ],
            [
              75.406729,
              51.786213
            ],
            [
              75.400124,
              51.789382
            ],
            [
              75.393211,
              51.792288
            ],
            [
              75.386017,
              51.794919
            ],
            [
              75.37857,
              51.797266
            ],
            [
              75.370899,
              51.799319
            ],
            [
              75.363034,
              51.80107
            ],
            [
              75.355008,
              51.802512
            ],
            [
              75.346851,
              51.803639
            ],
            [
              75.338596,
              51.804448
            ],
            [
              75.330274,
              51.804934
            ],
            [
              75.32192,
              51.805097
            ],
            [
              75.313566,
              51.804934
            ],
            [
              75.305245,
              51.804448
            ],
            [
              75.296989,
              51.803639
            ],
            [
              75.288832,
              51.802512
            ],
            [
              75.280806,
              51.80107
            ],
            [
              75.272942,
              51.799319
            ],
            [
              75.265271,
              51.797266
            ],
            [
              75.257824,
              51.794919
            ],
            [
              75.250629,
              51.792288
            ],
            [
              75.243716,
              51.789382
            ],
            [
              75.237112,
              51.786213
            ],
            [
              75.230842,
              51.782794
            ],
            [
              75.224932,
              51.779137
            ],
            [
              75.219404,
              51.775258
            ],
            [
              75.214282,
              51.771171
            ],
            [
              75.209584,
              51.766893
            ],
            [
              75.205329,
              51.762441
            ],
            [
              75.201534,
              51.757831
            ],
            [
              75.198215,
              51.753083
            ],
            [
              75.195383,
              51.748214
            ],
            [
              75.193052,
              51.743245
            ],
            [
              75.191228,
              51.738194
            ],
            [
              75.189921,
              51.733081
            ],
            [
              75.189134,
              51.727927
            ],
            [
              75.188872,
              51.722752
            ],
            [
              75.189134,
              51.717577
            ],
            [
              75.189921,
              51.712421
            ],
            [
              75.191228,
              51.707306
            ],
            [
              75.193052,
              51.702251
            ],
            [
              75.195383,
              51.697276
            ],
            [
              75.198215,
              51.692402
            ],
            [
              75.201534,
              51.687646
            ],
            [
              75.205329,
              51.683029
            ],
            [
              75.209584,
              51.678568
            ],
            [
              75.214282,
              51.674282
            ],
            [
              75.219404,
              51.670186
            ],
            [
              75.224932,
              51.666297
            ],
            [
              75.230842,
              51.662631
            ],
            [
              75.237112,
              51.659203
            ],
            [
              75.243716,
              51.656025
            ],
            [
              75.250629,
              51.65311
            ],
            [
              75.257824,
              51.65047
            ],
            [
              75.265271,
              51.648116
            ],
            [
              75.272942,
              51.646056
            ],
            [
              75.280806,
              51.644299
            ],
            [
              75.288832,
              51.642852
            ],
            [
              75.296989,
              51.641721
            ],
            [
              75.305245,
              51.640909
            ],
            [
              75.313566,
              51.640421
            ],
            [
              75.32192,
              51.640258
            ],
            [
              75.330274,
              51.640421
            ],
            [
              75.338596,
              51.640909
            ],
            [
              75.346851,
              51.641721
            ],
            [
              75.355008,
              51.642852
            ],
            [
              75.363034,
              51.644299
            ],
            [
              75.370899,
              51.646056
            ],
            [
              75.37857,
              51.648116
            ],
            [
              75.386017,
              51.65047
            ],
            [
              75.393211,
              51.65311
            ],
            [
              75.400124,
              51.656025
            ],
            [
              75.406729,
              51.659203
            ],
            [
              75.412998,
              51.662631
            ],
            [
              75.418908,
              51.666297
            ],
            [
              75.424436,
              51.670186
            ],
            [
              75.429559,
              51.674282
            ],
            [
              75.434257,
              51.678568
            ],
            [
              75.438512,
              51.683029
            ],
            [
              75.442306,
              51.687646
            ],
            [
              75.445626,
              51.692402
            ],
            [
              75.448457,
              51.697276
            ],
            [
              75.450789,
              51.702251
            ],
            [
              75.452612,
              51.707306
            ],
            [
              75.45392,
              51.712421
            ],
            [
              75.454969,
              51.722752
            ]
          ]
        ]
      },
      "properties": {
        "@circle": {
          "type": "Mercator",
          "center": [
            75.3219202,
            51.7227524
          ]
        },
        "NAME": "Ekibastuz"
      }
    },
    {
      "type": "Feature",
      "geometry": {
        "type": "Polygon",
        "coordinates": [
          [
            [
              80.409082,
              50.41023
            ],
            [
              80.40878,
              50.416351
            ],
            [
              80.407876,
              50.422448
            ],
            [
              80.406372,
              50.428496
            ],
            [
              80.404275,
              50.434471
            ],
            [
              80.401594,
              50.440349
            ],
            [
              80.398338,
              50.446108
            ],
            [
              80.394521,
              50.451725
            ],
            [
              80.390158,
              50.457177
            ],
            [
              80.385265,
              50.462444
            ],
            [
              80.379863,
              50.467504
            ],
            [
              80.373972,
              50.472337
            ],
            [
              80.367616,
              50.476926
            ],
            [
              80.36082,
              50.481251
            ],
            [
              80.353611,
              50.485295
            ],
            [
              80.346016,
              50.489043
            ],
            [
              80.338067,
              50.49248
            ],
            [
              80.329794,
              50.495592
            ],
            [
              80.321231,
              50.498368
            ],
            [
              80.31241,
              50.500796
            ],
            [
              80.303367,
              50.502867
            ],
            [
              80.294138,
              50.504572
            ],
            [
              80.284758,
              50.505906
            ],
            [
              80.275265,
              50.506862
            ],
            [
              80.265697,
              50.507437
            ],
            [
              80.25609,
              50.507629
            ],
            [
              80.246484,
              50.507437
            ],
            [
              80.236915,
              50.506862
            ],
            [
              80.227422,
              50.505906
            ],
            [
              80.218043,
              50.504572
            ],
            [
              80.208813,
              50.502867
            ],
            [
              80.19977,
              50.500796
            ],
            [
              80.190949,
              50.498368
            ],
            [
              80.182386,
              50.495592
            ],
            [
              80.174113,
              50.49248
            ],
            [
              80.166164,
              50.489043
            ],
            [
              80.158569,
              50.485295
            ],
            [
              80.15136,
              50.481251
            ],
            [
              80.144564,
              50.476926
            ],
            [
              80.138208,
              50.472337
            ],
            [
              80.132317,
              50.467504
            ],
            [
              80.126915,
              50.462444
            ],
            [
              80.122022,
              50.457177
            ],
            [
              80.117659,
              50.451725
            ],
            [
              80.113842,
              50.446108
            ],
            [
              80.110586,
              50.440349
            ],
            [
              80.107905,
              50.434471
            ],
            [
              80.105808,
              50.428496
            ],
            [
              80.104305,
              50.422448
            ],
            [
              80.1034,
              50.416351
            ],
            [
              80.103098,
              50.41023
            ],
            [
              80.1034,
              50.404107
            ],
            [
              80.104305,
              50.398008
            ],
            [
              80.105808,
              50.391957
            ],
            [
              80.107905,
              50.385976
            ],
            [
              80.110586,
              50.380091
            ],
            [
              80.113842,
              50.374324
            ],
            [
              80.117659,
              50.368698
            ],
            [
              80.122022,
              50.363236
            ],
            [
              80.126915,
              50.357958
            ],
            [
              80.132317,
              50.352886
            ],
            [
              80.138208,
              50.34804
            ],
            [
              80.144564,
              50.34344
            ],
            [
              80.15136,
              50.339102
            ],
            [
              80.158569,
              50.335045
            ],
            [
              80.166164,
              50.331285
            ],
            [
              80.174113,
              50.327836
            ],
            [
              80.182386,
              50.324713
            ],
            [
              80.190949,
              50.321927
            ],
            [
              80.19977,
              50.31949
            ],
            [
              80.208813,
              50.317411
            ],
            [
              80.218043,
              50.315699
            ],
            [
              80.227422,
              50.31436
            ],
            [
              80.236915,
              50.3134
            ],
            [
              80.246484,
              50.312822
            ],
            [
              80.25609,
              50.31263
            ],
            [
              80.265697,
              50.312822
            ],
            [
              80.275265,
              50.3134
            ],
            [
              80.284758,
              50.31436
            ],
            [
              80.294138,
              50.315699
            ],
            [
              80.303367,
              50.317411
            ],
            [
              80.31241,
              50.31949
            ],
            [
              80.321231,
              50.321927
            ],
            [
              80.329794,
              50.324713
            ],
            [
              80.338067,
              50.327836
            ],
            [
              80.346016,
              50.331285
            ],
            [
              80.353611,
              50.335045
            ],
            [
              80.36082,
              50.339102
            ],
            [
              80.367616,
              50.34344
            ],
            [
              80.373972,
              50.34804
            ],
            [
              80.379863,
              50.352886
            ],
            [
              80.385265,
              50.357958
            ],
            [
              80.390158,
              50.363236
            ],
            [
              80.394521,
              50.368698
            ],
            [
              80.398338,
              50.374324
            ],
            [
              80.401594,
              50.380091
            ],
            [
              80.404275,
              50.385976
            ],
            [
              80.406372,
              50.391957
            ],
            [
              80.407876,
              50.398008
            ],
            [
              80.409082,
              50.41023
            ]
          ]
        ]
      },
      "properties": {
        "@circle": {
          "type": "Mercator",
          "center": [
            80.2560901,
            50.4102296
          ]
        },
        "NAME": "Semey"
      }
    },
    {
      "type": "Feature",
      "geometry": {
        "type": "Polygon",
        "coordinates": [
          [
            [
              82.796723,
              49.959412
            ],
            [
              82.796362,
              49.966813
            ],
            [
              82.795278,
              49.974184
            ],
            [
              82.793478,
              49.981495
            ],
            [
              82.790967,
              49.988719
            ],
            [
              82.787755,
              49.995825
            ],
            [
              82.783856,
              50.002787
            ],
            [
              82.779285,
              50.009576
            ],
            [
              82.774059,
              50.016167
            ],
            [
              82.768199,
              50.022533
            ],
            [
              82.761729,
              50.02865
            ],
            [
              82.754674,
              50.034492
            ],
            [
              82.747062,
              50.040038
            ],
            [
              82.738922,
              50.045265
            ],
            [
              82.730288,
              50.050154
            ],
            [
              82.721192,
              50.054684
            ],
            [
              82.711672,
              50.058838
            ],
            [
              82.701764,
              50.062599
            ],
            [
              82.691508,
              50.065954
            ],
            [
              82.680944,
              50.068888
            ],
            [
              82.670113,
              50.071391
            ],
            [
              82.659059,
              50.073452
            ],
            [
              82.647826,
              50.075064
            ],
            [
              82.636457,
              50.076219
            ],
            [
              82.624997,
              50.076915
            ],
            [
              82.613492,
              50.077147
            ],
            [
              82.601986,
              50.076915
            ],
            [
              82.590526,
              50.076219
            ],
            [
              82.579157,
              50.075064
            ],
            [
              82.567924,
              50.073452
            ],
            [
              82.55687,
              50.071391
            ],
            [
              82.546039,
              50.068888
            ],
            [
              82.535475,
              50.065954
            ],
            [
              82.525219,
              50.062599
            ],
            [
              82.515311,
              50.058838
            ],
            [
              82.505791,
              50.054684
            ],
            [
              82.496695,
              50.050154
            ],
            [
              82.488061,
              50.045265
            ],
            [
              82.479921,
              50.040038
            ],
            [
              82.472309,
              50.034492
            ],
            [
              82.465254,
              50.02865
            ],
            [
              82.458784,
              50.022533
            ],
            [
              82.452924,
              50.016167
            ],
            [
              82.447698,
              50.009576
            ],
            [
              82.443127,
              50.002787
            ],
            [
              82.439228,
              49.995825
            ],
            [
              82.436016,
              49.988719
            ],
            [
              82.433505,
              49.981495
            ],
            [
              82.431705,
              49.974184
            ],
            [
              82.430621,
              49.966813
            ],
            [
              82.43026,
              49.959412
            ],
            [
              82.430621,
              49.95201
            ],
            [
              82.431705,
              49.944636
            ],
            [
              82.433505,
              49.937319
            ],
            [
              82.436016,
              49.930088
            ],
            [
              82.439228,
              49.922972
            ],
            [
              82.443127,
              49.915999
            ],
            [
              82.447698,
              49.909196
            ],
            [
              82.452924,
              49.90259
            ],
            [
              82.458784,
              49.896208
            ],
            [
              82.465254,
              49.890075
            ],
            [
              82.472309,
              49.884215
            ],
            [
              82.479921,
              49.878651
            ],
            [
              82.488061,
              49.873406
            ],
            [
              82.496695,
              49.8685
            ],
            [
              82.505791,
              49.863952
            ],
            [
              82.515311,
              49.859781
            ],
            [
              82.525219,
              49.856004
            ],
            [
              82.535475,
              49.852634
            ],
            [
              82.546039,
              49.849687
            ],
            [
              82.55687,
              49.847173
            ],
            [
              82.567924,
              49.845102
            ],
            [
              82.579157,
              49.843482
            ],
            [
              82.590526,
              49.842321
            ],
            [
              82.601986,
              49.841623
            ],
            [
              82.613492,
              49.841389
            ],
            [
              82.624997,
              49.841623
            ],
            [
              82.636457,
              49.842321
            ],
            [
              82.647826,
              49.843482
            ],
            [
              82.659059,
              49.845102
            ],
            [
              82.670113,
              49.847173
            ],
            [
              82.680944,
              49.849687
            ],
            [
              82.691508,
              49.852634
            ],
            [
              82.701764,
              49.856004
            ],
            [
              82.711672,
              49.859781
            ],
            [
              82.721192,
              49.863952
            ],
            [
              82.730288,
              49.8685
            ],
            [
              82.738922,
              49.873406
            ],
            [
              82.747062,
              49.878651
            ],
            [
              82.754674,
              49.884215
            ],
            [
              82.761729,
              49.890075
            ],
            [
              82.768199,
              49.896208
            ],
            [
              82.774059,
              49.90259
            ],
            [
              82.779285,
              49.909196
            ],
            [
              82.783856,
              49.915999
            ],
            [
              82.787755,
              49.922972
            ],
            [
              82.790967,
              49.930088
            ],
            [
              82.793478,
              49.937319
            ],
            [
              82.795278,
              49.944636
            ],
            [
              82.796723,
              49.959412
            ]
          ]
        ]
      },
      "properties": {
        "@circle": {
          "type": "Mercator",
          "center": [
            82.6134915,
            49.9594123
          ]
        },
        "NAME": "Oskemen"
      }
    },
    {
      "type": "Feature",
      "geometry": {
        "type": "Polygon",
        "coordinates": [
          [
            [
              83.59731,
              50.331948
            ],
            [
              83.59714,
              50.335398
            ],
            [
              83.596631,
              50.338834
            ],
            [
              83.595785,
              50.342243
            ],
            [
              83.594606,
              50.345612
            ],
            [
              83.593097,
              50.348925
            ],
            [
              83.591265,
              50.352172
            ],
            [
              83.589117,
              50.355339
            ],
            [
              83.586662,
              50.358413
            ],
            [
              83.583909,
              50.361383
            ],
            [
              83.580869,
              50.364236
            ],
            [
              83.577555,
              50.366962
            ],
            [
              83.573979,
              50.369549
            ],
            [
              83.570155,
              50.371988
            ],
            [
              83.566098,
              50.374269
            ],
            [
              83.561825,
              50.376383
            ],
            [
              83.557352,
              50.378322
            ],
            [
              83.552697,
              50.380077
            ],
            [
              83.547879,
              50.381643
            ],
            [
              83.542915,
              50.383012
            ],
            [
              83.537827,
              50.384181
            ],
            [
              83.532634,
              50.385143
            ],
            [
              83.527356,
              50.385895
            ],
            [
              83.522015,
              50.386434
            ],
            [
              83.516631,
              50.386759
            ],
            [
              83.511226,
              50.386867
            ],
            [
              83.50582,
              50.386759
            ],
            [
              83.500436,
              50.386434
            ],
            [
              83.495095,
              50.385895
            ],
            [
              83.489817,
              50.385143
            ],
            [
              83.484624,
              50.384181
            ],
            [
              83.479536,
              50.383012
            ],
            [
              83.474573,
              50.381643
            ],
            [
              83.469754,
              50.380077
            ],
            [
              83.465099,
              50.378322
            ],
            [
              83.460626,
              50.376383
            ],
            [
              83.456353,
              50.374269
            ],
            [
              83.452297,
              50.371988
            ],
            [
              83.448473,
              50.369549
            ],
            [
              83.444896,
              50.366962
            ],
            [
              83.441582,
              50.364236
            ],
            [
              83.438542,
              50.361383
            ],
            [
              83.435789,
              50.358413
            ],
            [
              83.433334,
              50.355339
            ],
            [
              83.431186,
              50.352172
            ],
            [
              83.429354,
              50.348925
            ],
            [
              83.427846,
              50.345612
            ],
            [
              83.426666,
              50.342243
            ],
            [
              83.42582,
              50.338834
            ],
            [
              83.425311,
              50.335398
            ],
            [
              83.425141,
              50.331948
            ],
            [
              83.425311,
              50.328497
            ],
            [
              83.42582,
              50.32506
            ],
            [
              83.426666,
              50.32165
            ],
            [
              83.427846,
              50.31828
            ],
            [
              83.429354,
              50.314964
            ],
            [
              83.431186,
              50.311715
            ],
            [
              83.433334,
              50.308545
            ],
            [
              83.435789,
              50.305467
            ],
            [
              83.438542,
              50.302494
            ],
            [
              83.441582,
              50.299637
            ],
            [
              83.444896,
              50.296908
            ],
            [
              83.448473,
              50.294316
            ],
            [
              83.452297,
              50.291873
            ],
            [
              83.456353,
              50.289588
            ],
            [
              83.460626,
              50.287471
            ],
            [
              83.465099,
              50.285528
            ],
            [
              83.469754,
              50.283769
            ],
            [
              83.474573,
              50.2822
            ],
            [
              83.479536,
              50.280828
            ],
            [
              83.484624,
              50.279657
            ],
            [
              83.489817,
              50.278693
            ],
            [
              83.495095,
              50.277939
            ],
            [
              83.500436,
              50.277399
            ],
            [
              83.50582,
              50.277073
            ],
            [
              83.511226,
              50.276965
            ],
            [
              83.516631,
              50.277073
            ],
            [
              83.522015,
              50.277399
            ],
            [
              83.527356,
              50.277939
            ],
            [
              83.532634,
              50.278693
            ],
            [
              83.537827,
              50.279657
            ],
            [
              83.542915,
              50.280828
            ],
            [
              83.547879,
              50.2822
            ],
            [
              83.552697,
              50.283769
            ],
            [
              83.557352,
              50.285528
            ],
            [
              83.561825,
              50.287471
            ],
            [
              83.566098,
              50.289588
            ],
            [
              83.570155,
              50.291873
            ],
            [
              83.573979,
              50.294316
            ],
            [
              83.577555,
              50.296908
            ],
            [
              83.580869,
              50.299637
            ],
            [
              83.583909,
              50.302494
            ],
            [
              83.586662,
              50.305467
            ],
            [
              83.589117,
              50.308545
            ],
            [
              83.591265,
              50.311715
            ],
            [
              83.593097,
              50.314964
            ],
            [
              83.594606,
              50.31828
            ],
            [
              83.595785,
              50.32165
            ],
            [
              83.596631,
              50.32506
            ],
            [
              83.59731,
              50.331948
            ]
          ]
        ]
      },
      "properties": {
        "@circle": {
          "type": "Mercator",
          "center": [
            83.5112257,
            50.3319477
          ]
        },
        "NAME": "Ridder"
      }
    },
    {
      "type": "Feature",
      "geometry": {
        "type": "Polygon",
        "coordinates": [
          [
            [
              78.479318,
              45.016895
            ],
            [
              78.47913,
              45.021121
            ],
            [
              78.478567,
              45.02533
            ],
            [
              78.477631,
              45.029505
            ],
            [
              78.476327,
              45.03363
            ],
            [
              78.474658,
              45.037689
            ],
            [
              78.472632,
              45.041666
            ],
            [
              78.470257,
              45.045544
            ],
            [
              78.467541,
              45.04931
            ],
            [
              78.464496,
              45.052947
            ],
            [
              78.461135,
              45.056441
            ],
            [
              78.457469,
              45.05978
            ],
            [
              78.453513,
              45.062949
            ],
            [
              78.449284,
              45.065936
            ],
            [
              78.444797,
              45.06873
            ],
            [
              78.440071,
              45.071319
            ],
            [
              78.435124,
              45.073693
            ],
            [
              78.429976,
              45.075843
            ],
            [
              78.424647,
              45.077761
            ],
            [
              78.419158,
              45.079438
            ],
            [
              78.41353,
              45.080869
            ],
            [
              78.407786,
              45.082047
            ],
            [
              78.401949,
              45.082968
            ],
            [
              78.396042,
              45.083629
            ],
            [
              78.390087,
              45.084026
            ],
            [
              78.384109,
              45.084159
            ],
            [
              78.37813,
              45.084026
            ],
            [
              78.372176,
              45.083629
            ],
            [
              78.366268,
              45.082968
            ],
            [
              78.360431,
              45.082047
            ],
            [
              78.354687,
              45.080869
            ],
            [
              78.34906,
              45.079438
            ],
            [
              78.343571,
              45.077761
            ],
            [
              78.338241,
              45.075843
            ],
            [
              78.333093,
              45.073693
            ],
            [
              78.328146,
              45.071319
            ],
            [
              78.32342,
              45.06873
            ],
            [
              78.318934,
              45.065936
            ],
            [
              78.314704,
              45.062949
            ],
            [
              78.310749,
              45.05978
            ],
            [
              78.307083,
              45.056441
            ],
            [
              78.303721,
              45.052947
            ],
            [
              78.300676,
              45.04931
            ],
            [
              78.297961,
              45.045544
            ],
            [
              78.295586,
              45.041666
            ],
            [
              78.293559,
              45.037689
            ],
            [
              78.291891,
              45.03363
            ],
            [
              78.290586,
              45.029505
            ],
            [
              78.28965,
              45.02533
            ],
            [
              78.289087,
              45.021121
            ],
            [
              78.2889,
              45.016895
            ],
            [
              78.289087,
              45.012669
            ],
            [
              78.28965,
              45.008459
            ],
            [
              78.290586,
              45.004283
            ],
            [
              78.291891,
              45.000155
            ],
            [
              78.293559,
              44.996094
            ],
            [
              78.295586,
              44.992114
            ],
            [
              78.297961,
              44.988232
            ],
            [
              78.300676,
              44.984463
            ],
            [
              78.303721,
              44.980821
            ],
            [
              78.307083,
              44.977322
            ],
            [
              78.310749,
              44.973979
            ],
            [
              78.314704,
              44.970805
            ],
            [
              78.318934,
              44.967812
            ],
            [
              78.32342,
              44.965014
            ],
            [
              78.328146,
              44.96242
            ],
            [
              78.333093,
              44.960041
            ],
            [
              78.338241,
              44.957887
            ],
            [
              78.343571,
              44.955965
            ],
            [
              78.34906,
              44.954284
            ],
            [
              78.354687,
              44.95285
            ],
            [
              78.360431,
              44.951669
            ],
            [
              78.366268,
              44.950746
            ],
            [
              78.372176,
              44.950084
            ],
            [
              78.37813,
              44.949686
            ],
            [
              78.384109,
              44.949553
            ],
            [
              78.390087,
              44.949686
            ],
            [
              78.396042,
              44.950084
            ],
            [
              78.401949,
              44.950746
            ],
            [
              78.407786,
              44.951669
            ],
            [
              78.41353,
              44.95285
            ],
            [
              78.419158,
              44.954284
            ],
            [
              78.424647,
              44.955965
            ],
            [
              78.429976,
              44.957887
            ],
            [
              78.435124,
              44.960041
            ],
            [
              78.440071,
              44.96242
            ],
            [
              78.444797,
              44.965014
            ],
            [
              78.449284,
              44.967812
            ],
            [
              78.453513,
              44.970805
            ],
            [
              78.457469,
              44.973979
            ],
            [
              78.461135,
              44.977322
            ],
            [
              78.464496,
              44.980821
            ],
            [
              78.467541,
              44.984463
            ],
            [
              78.470257,
              44.988232
            ],
            [
              78.472632,
              44.992114
            ],
            [
              78.474658,
              44.996094
            ],
            [
              78.476327,
              45.000155
            ],
            [
              78.477631,
              45.004283
            ],
            [
              78.478567,
              45.008459
            ],
            [
              78.479318,
              45.016895
            ]
          ]
        ]
      },
      "properties": {
        "@circle": {
          "type": "Mercator",
          "center": [
            78.3841087,
            45.0168953
          ]
        },
        "NAME": "Taldykorgan"
      }
    },
    {
      "type": "Feature",
      "properties": {
        "NAME": "Akmola"
      },
      "geometry": {
        "type": "Polygon",
        "coordinates": [
          [
            [
              65.344307,
              51.789677
            ],
            [
              65.364066,
              51.695879
            ],
            [
              65.528723,
              51.671377
            ],
            [
              65.561654,
              51.610067
            ],
            [
              65.469446,
              51.442061
            ],
            [
              65.429929,
              51.199207
            ],
            [
              65.620931,
              51.083504
            ],
            [
              65.561654,
              50.851228
            ],
            [
              65.779002,
              50.867858
            ],
            [
              65.851451,
              50.959215
            ],
            [
              65.983177,
              50.955066
            ],
            [
              66.088557,
              50.801303
            ],
            [
              66.220283,
              50.813789
            ],
            [
              66.305905,
              50.701294
            ],
            [
              66.661564,
              50.626146
            ],
            [
              67.017224,
              50.672084
            ],
            [
              67.089673,
              50.580164
            ],
            [
              66.957947,
              50.5132
            ],
            [
              67.083087,
              50.383186
            ],
            [
              67.583645,
              50.492254
            ],
            [
              67.932718,
              50.542508
            ],
            [
              67.899787,
              50.66791
            ],
            [
              68.169824,
              50.630324
            ],
            [
              68.35424,
              50.734654
            ],
            [
              68.518898,
              50.801303
            ],
            [
              68.802108,
              50.792977
            ],
            [
              68.821867,
              50.580164
            ],
            [
              68.87482,
              50.512952
            ],
            [
              68.87482,
              50.375685
            ],
            [
              68.990885,
              50.251274
            ],
            [
              69.14011,
              50.216805
            ],
            [
              69.223013,
              50.23802
            ],
            [
              69.305916,
              50.243322
            ],
            [
              69.301771,
              50.357177
            ],
            [
              69.492449,
              50.325431
            ],
            [
              69.587787,
              50.28307
            ],
            [
              69.596077,
              50.203541
            ],
            [
              69.6624,
              50.18762
            ],
            [
              69.811626,
              50.214153
            ],
            [
              70.05619,
              50.259225
            ],
            [
              70.147383,
              50.198235
            ],
            [
              70.126657,
              50.04941
            ],
            [
              70.18469,
              50.052072
            ],
            [
              70.292464,
              50.07336
            ],
            [
              70.483141,
              50.107932
            ],
            [
              70.532883,
              50.145136
            ],
            [
              70.474851,
              50.235369
            ],
            [
              70.657237,
              50.288367
            ],
            [
              70.73185,
              50.23802
            ],
            [
              70.781592,
              50.452287
            ],
            [
              71.075897,
              50.50772
            ],
            [
              71.063462,
              50.560415
            ],
            [
              71.15051,
              50.61042
            ],
            [
              71.200252,
              50.602528
            ],
            [
              71.328752,
              50.663
            ],
            [
              71.374348,
              50.736514
            ],
            [
              71.548445,
              50.788953
            ],
            [
              71.652074,
              50.796814
            ],
            [
              71.776428,
              50.739137
            ],
            [
              71.842751,
              50.684016
            ],
            [
              71.793009,
              50.62883
            ],
            [
              71.82617,
              50.589372
            ],
            [
              71.714251,
              50.433848
            ],
            [
              71.793009,
              50.431208
            ],
            [
              71.82617,
              50.462883
            ],
            [
              72.108041,
              50.410079
            ],
            [
              72.157783,
              50.465522
            ],
            [
              72.257267,
              50.599897
            ],
            [
              72.410637,
              50.549881
            ],
            [
              72.456234,
              50.581476
            ],
            [
              72.381621,
              50.663
            ],
            [
              72.47696,
              50.739137
            ],
            [
              72.632838,
              50.753367
            ],
            [
              72.782063,
              50.873846
            ],
            [
              72.94787,
              50.873846
            ],
            [
              73.167563,
              50.933968
            ],
            [
              73.171708,
              50.973137
            ],
            [
              73.428708,
              51.02531
            ],
            [
              73.540627,
              51.103461
            ],
            [
              73.457724,
              51.158087
            ],
            [
              73.378966,
              51.158087
            ],
            [
              73.345805,
              51.124278
            ],
            [
              73.250466,
              51.220439
            ],
            [
              73.130256,
              51.26974
            ],
            [
              73.22974,
              51.300851
            ],
            [
              73.296063,
              51.26974
            ],
            [
              73.354095,
              51.26974
            ],
            [
              73.403837,
              51.303443
            ],
            [
              73.424563,
              51.264553
            ],
            [
              73.503321,
              51.316399
            ],
            [
              73.664982,
              51.280113
            ],
            [
              73.727159,
              51.365597
            ],
            [
              73.988305,
              51.50772
            ],
            [
              74.125096,
              51.512879
            ],
            [
              74.237015,
              51.523197
            ],
            [
              74.207999,
              51.567021
            ],
            [
              74.029757,
              51.59793
            ],
            [
              74.000741,
              51.628818
            ],
            [
              73.892967,
              51.61595
            ],
            [
              73.739596,
              51.628818
            ],
            [
              73.818354,
              51.669969
            ],
            [
              73.826644,
              51.808579
            ],
            [
              74.021467,
              51.877724
            ],
            [
              73.996596,
              51.97486
            ],
            [
              73.997004,
              52.530124
            ],
            [
              73.893375,
              52.590603
            ],
            [
              73.545182,
              52.600674
            ],
            [
              73.466424,
              52.661056
            ],
            [
              73.060199,
              52.746453
            ],
            [
              72.919263,
              52.716332
            ],
            [
              72.931699,
              52.901749
            ],
            [
              72.869521,
              53.031569
            ],
            [
              72.449796,
              52.985747
            ],
            [
              72.192796,
              53.020669
            ],
            [
              72.201086,
              52.885814
            ],
            [
              71.919216,
              52.84828
            ],
            [
              71.774135,
              52.983252
            ],
            [
              71.662216,
              52.93581
            ],
            [
              71.624909,
              53.035627
            ],
            [
              71.724393,
              53.065527
            ],
            [
              71.728538,
              53.204788
            ],
            [
              71.579313,
              53.432595
            ],
            [
              71.442523,
              53.390592
            ],
            [
              71.359619,
              53.341123
            ],
            [
              71.226974,
              53.296552
            ],
            [
              71.127491,
              53.338648
            ],
            [
              71.023862,
              53.333698
            ],
            [
              71.057023,
              53.422715
            ],
            [
              70.592774,
              53.422713
            ],
            [
              70.576193,
              53.343596
            ],
            [
              70.422822,
              53.318841
            ],
            [
              70.447693,
              53.244492
            ],
            [
              70.315048,
              53.229607
            ],
            [
              70.339919,
              53.281683
            ],
            [
              70.203129,
              53.363389
            ],
            [
              69.97929,
              53.363389
            ],
            [
              70.082919,
              53.44247
            ],
            [
              70.074629,
              53.501684
            ],
            [
              69.8425,
              53.53126
            ],
            [
              69.792758,
              53.664097
            ],
            [
              69.500654,
              53.662775
            ],
            [
              69.368009,
              53.598866
            ],
            [
              69.413606,
              53.539788
            ],
            [
              69.38459,
              53.490493
            ],
            [
              69.309977,
              53.500356
            ],
            [
              69.322412,
              53.542251
            ],
            [
              69.148316,
              53.603786
            ],
            [
              69.12759,
              53.672598
            ],
            [
              69.011525,
              53.682419
            ],
            [
              69.032251,
              53.608705
            ],
            [
              68.907897,
              53.616082
            ],
            [
              68.858155,
              53.657862
            ],
            [
              68.480945,
              53.463356
            ],
            [
              68.576284,
              53.272913
            ],
            [
              68.708929,
              53.260517
            ],
            [
              68.692348,
              53.205932
            ],
            [
              68.758671,
              53.196
            ],
            [
              68.729655,
              53.113974
            ],
            [
              68.787687,
              53.044253
            ],
            [
              68.646752,
              52.974418
            ],
            [
              68.647693,
              52.791916
            ],
            [
              68.539919,
              52.729206
            ],
            [
              68.469451,
              52.749283
            ],
            [
              68.340951,
              52.613582
            ],
            [
              68.171001,
              52.58337
            ],
            [
              67.980324,
              52.555656
            ],
            [
              67.988614,
              52.485033
            ],
            [
              68.038356,
              52.464835
            ],
            [
              67.847679,
              52.287699
            ],
            [
              67.487051,
              52.416825
            ],
            [
              67.312954,
              52.419353
            ],
            [
              67.288083,
              52.198865
            ],
            [
              67.131496,
              52.256748
            ],
            [
              66.985195,
              52.247152
            ],
            [
              66.865018,
              52.256748
            ],
            [
              66.760517,
              52.285524
            ],
            [
              66.54629,
              52.269539
            ],
            [
              66.530615,
              52.36855
            ],
            [
              66.415664,
              52.362169
            ],
            [
              66.238012,
              52.333443
            ],
            [
              66.06036,
              52.45142
            ],
            [
              65.983177,
              52.440822
            ],
            [
              66.009522,
              52.21945
            ],
            [
              65.864624,
              52.158884
            ],
            [
              65.732898,
              51.875148
            ],
            [
              65.344307,
              51.789677
            ]
          ],
          [
            [
              68.282992,
              51.810065
            ],
            [
              68.28314,
              51.812976
            ],
            [
              68.283583,
              51.815875
            ],
            [
              68.28432,
              51.818751
            ],
            [
              68.285348,
              51.821593
            ],
            [
              68.286662,
              51.824389
            ],
            [
              68.288258,
              51.827128
            ],
            [
              68.290128,
              51.8298
            ],
            [
              68.292267,
              51.832393
            ],
            [
              68.294665,
              51.834899
            ],
            [
              68.297312,
              51.837306
            ],
            [
              68.300199,
              51.839606
            ],
            [
              68.303314,
              51.841789
            ],
            [
              68.306645,
              51.843847
            ],
            [
              68.310178,
              51.845771
            ],
            [
              68.3139,
              51.847555
            ],
            [
              68.317796,
              51.84919
            ],
            [
              68.321851,
              51.850671
            ],
            [
              68.326048,
              51.851992
            ],
            [
              68.330371,
              51.853148
            ],
            [
              68.334803,
              51.854133
            ],
            [
              68.339326,
              51.854945
            ],
            [
              68.343923,
              51.85558
            ],
            [
              68.348576,
              51.856035
            ],
            [
              68.353265,
              51.856309
            ],
            [
              68.357973,
              51.8564
            ],
            [
              68.362681,
              51.856309
            ],
            [
              68.367371,
              51.856035
            ],
            [
              68.372023,
              51.85558
            ],
            [
              68.37662,
              51.854945
            ],
            [
              68.381144,
              51.854133
            ],
            [
              68.385576,
              51.853148
            ],
            [
              68.389899,
              51.851992
            ],
            [
              68.394096,
              51.850671
            ],
            [
              68.39815,
              51.84919
            ],
            [
              68.402046,
              51.847555
            ],
            [
              68.405768,
              51.845771
            ],
            [
              68.409301,
              51.843847
            ],
            [
              68.412632,
              51.841789
            ],
            [
              68.415747,
              51.839606
            ],
            [
              68.418634,
              51.837306
            ],
            [
              68.421282,
              51.834899
            ],
            [
              68.42368,
              51.832393
            ],
            [
              68.425818,
              51.8298
            ],
            [
              68.427689,
              51.827128
            ],
            [
              68.429284,
              51.824389
            ],
            [
              68.430599,
              51.821593
            ],
            [
              68.431626,
              51.818751
            ],
            [
              68.432363,
              51.815875
            ],
            [
              68.432806,
              51.812976
            ],
            [
              68.432954,
              51.810065
            ],
            [
              68.432363,
              51.804255
            ],
            [
              68.431626,
              51.801378
            ],
            [
              68.430599,
              51.798535
            ],
            [
              68.429284,
              51.795738
            ],
            [
              68.427689,
              51.792996
            ],
            [
              68.425818,
              51.790323
            ],
            [
              68.42368,
              51.787726
            ],
            [
              68.421282,
              51.785218
            ],
            [
              68.418634,
              51.782808
            ],
            [
              68.415747,
              51.780506
            ],
            [
              68.412632,
              51.77832
            ],
            [
              68.409301,
              51.776259
            ],
            [
              68.405768,
              51.774331
            ],
            [
              68.402046,
              51.772545
            ],
            [
              68.39815,
              51.770907
            ],
            [
              68.394096,
              51.769423
            ],
            [
              68.389899,
              51.768099
            ],
            [
              68.385576,
              51.766942
            ],
            [
              68.381144,
              51.765954
            ],
            [
              68.37662,
              51.765141
            ],
            [
              68.372023,
              51.764505
            ],
            [
              68.367371,
              51.764049
            ],
            [
              68.362681,
              51.763775
            ],
            [
              68.357973,
              51.763683
            ],
            [
              68.353265,
              51.763775
            ],
            [
              68.348576,
              51.764049
            ],
            [
              68.343923,
              51.764505
            ],
            [
              68.339326,
              51.765141
            ],
            [
              68.334803,
              51.765954
            ],
            [
              68.330371,
              51.766942
            ],
            [
              68.326048,
              51.768099
            ],
            [
              68.321851,
              51.769423
            ],
            [
              68.317796,
              51.770907
            ],
            [
              68.3139,
              51.772545
            ],
            [
              68.310178,
              51.774331
            ],
            [
              68.306645,
              51.776259
            ],
            [
              68.303314,
              51.77832
            ],
            [
              68.300199,
              51.780506
            ],
            [
              68.297312,
              51.782808
            ],
            [
              68.294665,
              51.785218
            ],
            [
              68.292267,
              51.787726
            ],
            [
              68.290128,
              51.790323
            ],
            [
              68.288258,
              51.792996
            ],
            [
              68.286662,
              51.795738
            ],
            [
              68.285348,
              51.798535
            ],
            [
              68.28432,
              51.801378
            ],
            [
              68.283583,
              51.804255
            ],
            [
              68.28314,
              51.807154
            ],
            [
              68.282992,
              51.810065
            ]
          ],
          [
            [
              69.265173,
              53.292845
            ],
            [
              69.265391,
              53.296986
            ],
            [
              69.266043,
              53.301109
            ],
            [
              69.267127,
              53.3052
            ],
            [
              69.268639,
              53.309242
            ],
            [
              69.270572,
              53.313218
            ],
            [
              69.27292,
              53.317114
            ],
            [
              69.275673,
              53.320913
            ],
            [
              69.278819,
              53.324602
            ],
            [
              69.282347,
              53.328165
            ],
            [
              69.286243,
              53.331588
            ],
            [
              69.290491,
              53.334858
            ],
            [
              69.295074,
              53.337963
            ],
            [
              69.299975,
              53.340889
            ],
            [
              69.305173,
              53.343625
            ],
            [
              69.31065,
              53.346161
            ],
            [
              69.316382,
              53.348487
            ],
            [
              69.322348,
              53.350593
            ],
            [
              69.328523,
              53.352471
            ],
            [
              69.334883,
              53.354114
            ],
            [
              69.341404,
              53.355515
            ],
            [
              69.34806,
              53.356669
            ],
            [
              69.354824,
              53.357571
            ],
            [
              69.361669,
              53.358218
            ],
            [
              69.368569,
              53.358608
            ],
            [
              69.375496,
              53.358737
            ],
            [
              69.382423,
              53.358608
            ],
            [
              69.389323,
              53.358218
            ],
            [
              69.396169,
              53.357571
            ],
            [
              69.402933,
              53.356669
            ],
            [
              69.409588,
              53.355515
            ],
            [
              69.416109,
              53.354114
            ],
            [
              69.42247,
              53.352471
            ],
            [
              69.428645,
              53.350593
            ],
            [
              69.43461,
              53.348487
            ],
            [
              69.440343,
              53.346161
            ],
            [
              69.445819,
              53.343625
            ],
            [
              69.451018,
              53.340889
            ],
            [
              69.455918,
              53.337963
            ],
            [
              69.460502,
              53.334858
            ],
            [
              69.46475,
              53.331588
            ],
            [
              69.468645,
              53.328165
            ],
            [
              69.472173,
              53.324602
            ],
            [
              69.47532,
              53.320913
            ],
            [
              69.478072,
              53.317114
            ],
            [
              69.48042,
              53.313218
            ],
            [
              69.482354,
              53.309242
            ],
            [
              69.483865,
              53.3052
            ],
            [
              69.48495,
              53.301109
            ],
            [
              69.485602,
              53.296986
            ],
            [
              69.48582,
              53.292845
            ],
            [
              69.48495,
              53.28458
            ],
            [
              69.483865,
              53.280487
            ],
            [
              69.482354,
              53.276443
            ],
            [
              69.48042,
              53.272463
            ],
            [
              69.478072,
              53.268563
            ],
            [
              69.47532,
              53.264759
            ],
            [
              69.472173,
              53.261065
            ],
            [
              69.468645,
              53.257497
            ],
            [
              69.46475,
              53.254067
            ],
            [
              69.460502,
              53.250791
            ],
            [
              69.455918,
              53.24768
            ],
            [
              69.451018,
              53.244748
            ],
            [
              69.445819,
              53.242005
            ],
            [
              69.440343,
              53.239463
            ],
            [
              69.43461,
              53.237131
            ],
            [
              69.428645,
              53.23502
            ],
            [
              69.42247,
              53.233137
            ],
            [
              69.416109,
              53.231489
            ],
            [
              69.409588,
              53.230084
            ],
            [
              69.402933,
              53.228926
            ],
            [
              69.396169,
              53.228021
            ],
            [
              69.389323,
              53.227372
            ],
            [
              69.382423,
              53.226982
            ],
            [
              69.375496,
              53.226851
            ],
            [
              69.368569,
              53.226982
            ],
            [
              69.361669,
              53.227372
            ],
            [
              69.354824,
              53.228021
            ],
            [
              69.34806,
              53.228926
            ],
            [
              69.341404,
              53.230084
            ],
            [
              69.334883,
              53.231489
            ],
            [
              69.328523,
              53.233137
            ],
            [
              69.322348,
              53.23502
            ],
            [
              69.316382,
              53.237131
            ],
            [
              69.31065,
              53.239463
            ],
            [
              69.305173,
              53.242005
            ],
            [
              69.299975,
              53.244748
            ],
            [
              69.295074,
              53.24768
            ],
            [
              69.290491,
              53.250791
            ],
            [
              69.286243,
              53.254067
            ],
            [
              69.282347,
              53.257497
            ],
            [
              69.278819,
              53.261065
            ],
            [
              69.275673,
              53.264759
            ],
            [
              69.27292,
              53.268563
            ],
            [
              69.270572,
              53.272463
            ],
            [
              69.268639,
              53.276443
            ],
            [
              69.267127,
              53.280487
            ],
            [
              69.266043,
              53.28458
            ],
            [
              69.265391,
              53.288704
            ],
            [
              69.265173,
              53.292845
            ]
          ],
          [
            [
              69.982554,
              52.945256
            ],
            [
              69.98287,
              52.951312
            ],
            [
              69.983816,
              52.957343
            ],
            [
              69.985389,
              52.963326
            ],
            [
              69.987583,
              52.969236
            ],
            [
              69.990388,
              52.975052
            ],
            [
              69.993795,
              52.980748
            ],
            [
              69.997788,
              52.986305
            ],
            [
              70.002354,
              52.991698
            ],
            [
              70.007472,
              52.996908
            ],
            [
              70.013125,
              53.001913
            ],
            [
              70.019288,
              53.006695
            ],
            [
              70.025938,
              53.011233
            ],
            [
              70.033049,
              53.015511
            ],
            [
              70.040592,
              53.019512
            ],
            [
              70.048537,
              53.023219
            ],
            [
              70.056855,
              53.026619
            ],
            [
              70.06551,
              53.029697
            ],
            [
              70.07447,
              53.032443
            ],
            [
              70.083699,
              53.034844
            ],
            [
              70.09316,
              53.036893
            ],
            [
              70.102817,
              53.038579
            ],
            [
              70.11263,
              53.039898
            ],
            [
              70.122563,
              53.040844
            ],
            [
              70.132574,
              53.041413
            ],
            [
              70.142625,
              53.041603
            ],
            [
              70.152676,
              53.041413
            ],
            [
              70.162687,
              53.040844
            ],
            [
              70.172619,
              53.039898
            ],
            [
              70.182433,
              53.038579
            ],
            [
              70.192089,
              53.036893
            ],
            [
              70.201551,
              53.034844
            ],
            [
              70.21078,
              53.032443
            ],
            [
              70.219739,
              53.029697
            ],
            [
              70.228395,
              53.026619
            ],
            [
              70.236712,
              53.023219
            ],
            [
              70.244658,
              53.019512
            ],
            [
              70.252201,
              53.015511
            ],
            [
              70.259311,
              53.011233
            ],
            [
              70.265961,
              53.006695
            ],
            [
              70.272125,
              53.001913
            ],
            [
              70.277777,
              52.996908
            ],
            [
              70.282896,
              52.991698
            ],
            [
              70.287461,
              52.986305
            ],
            [
              70.291455,
              52.980748
            ],
            [
              70.294861,
              52.975052
            ],
            [
              70.297667,
              52.969236
            ],
            [
              70.29986,
              52.963326
            ],
            [
              70.301433,
              52.957343
            ],
            [
              70.30238,
              52.951312
            ],
            [
              70.302696,
              52.945256
            ],
            [
              70.301433,
              52.933165
            ],
            [
              70.29986,
              52.927178
            ],
            [
              70.297667,
              52.921261
            ],
            [
              70.294861,
              52.915439
            ],
            [
              70.291455,
              52.909733
            ],
            [
              70.287461,
              52.904167
            ],
            [
              70.282896,
              52.898763
            ],
            [
              70.277777,
              52.893541
            ],
            [
              70.272125,
              52.888523
            ],
            [
              70.265961,
              52.883729
            ],
            [
              70.259311,
              52.879177
            ],
            [
              70.252201,
              52.874886
            ],
            [
              70.244658,
              52.870872
            ],
            [
              70.236712,
              52.867151
            ],
            [
              70.228395,
              52.863739
            ],
            [
              70.219739,
              52.860649
            ],
            [
              70.21078,
              52.857892
            ],
            [
              70.201551,
              52.855481
            ],
            [
              70.192089,
              52.853424
            ],
            [
              70.182433,
              52.85173
            ],
            [
              70.172619,
              52.850405
            ],
            [
              70.162687,
              52.849455
            ],
            [
              70.152676,
              52.848884
            ],
            [
              70.142625,
              52.848693
            ],
            [
              70.132574,
              52.848884
            ],
            [
              70.122563,
              52.849455
            ],
            [
              70.11263,
              52.850405
            ],
            [
              70.102817,
              52.85173
            ],
            [
              70.09316,
              52.853424
            ],
            [
              70.083699,
              52.855481
            ],
            [
              70.07447,
              52.857892
            ],
            [
              70.06551,
              52.860649
            ],
            [
              70.056855,
              52.863739
            ],
            [
              70.048537,
              52.867151
            ],
            [
              70.040592,
              52.870872
            ],
            [
              70.033049,
              52.874886
            ],
            [
              70.025938,
              52.879177
            ],
            [
              70.019288,
              52.883729
            ],
            [
              70.013125,
              52.888523
            ],
            [
              70.007472,
              52.893541
            ],
            [
              70.002354,
              52.898763
            ],
            [
              69.997788,
              52.904167
            ],
            [
              69.993795,
              52.909733
            ],
            [
              69.990388,
              52.915439
            ],
            [
              69.987583,
              52.921261
            ],
            [
              69.985389,
              52.927178
            ],
            [
              69.983816,
              52.933165
            ],
            [
              69.98287,
              52.939199
            ],
            [
              69.982554,
              52.945256
            ]
          ],
          [
            [
              71.144032,
              51.140084
            ],
            [
              71.14456,
              51.150624
            ],
            [
              71.146142,
              51.16112
            ],
            [
              71.148772,
              51.171531
            ],
            [
              71.152439,
              51.181815
            ],
            [
              71.157128,
              51.191932
            ],
            [
              71.162822,
              51.201843
            ],
            [
              71.169498,
              51.211508
            ],
            [
              71.177129,
              51.220889
            ],
            [
              71.185686,
              51.22995
            ],
            [
              71.195134,
              51.238655
            ],
            [
              71.205436,
              51.24697
            ],
            [
              71.216552,
              51.254862
            ],
            [
              71.228438,
              51.2623
            ],
            [
              71.241047,
              51.269256
            ],
            [
              71.254329,
              51.275701
            ],
            [
              71.268231,
              51.281611
            ],
            [
              71.2827,
              51.286963
            ],
            [
              71.297677,
              51.291735
            ],
            [
              71.313104,
              51.29591
            ],
            [
              71.328919,
              51.29947
            ],
            [
              71.345061,
              51.302402
            ],
            [
              71.361465,
              51.304695
            ],
            [
              71.378068,
              51.306339
            ],
            [
              71.394802,
              51.307327
            ],
            [
              71.411603,
              51.307658
            ],
            [
              71.428404,
              51.307327
            ],
            [
              71.445138,
              51.306339
            ],
            [
              71.461741,
              51.304695
            ],
            [
              71.478145,
              51.302402
            ],
            [
              71.494287,
              51.29947
            ],
            [
              71.510102,
              51.29591
            ],
            [
              71.525529,
              51.291735
            ],
            [
              71.540506,
              51.286963
            ],
            [
              71.554975,
              51.281611
            ],
            [
              71.568877,
              51.275701
            ],
            [
              71.582159,
              51.269256
            ],
            [
              71.594768,
              51.2623
            ],
            [
              71.606654,
              51.254862
            ],
            [
              71.61777,
              51.24697
            ],
            [
              71.628072,
              51.238655
            ],
            [
              71.63752,
              51.22995
            ],
            [
              71.646077,
              51.220889
            ],
            [
              71.653708,
              51.211508
            ],
            [
              71.660384,
              51.201843
            ],
            [
              71.666078,
              51.191932
            ],
            [
              71.670767,
              51.181815
            ],
            [
              71.674434,
              51.171531
            ],
            [
              71.677064,
              51.16112
            ],
            [
              71.678646,
              51.150624
            ],
            [
              71.679174,
              51.140084
            ],
            [
              71.677064,
              51.119038
            ],
            [
              71.674434,
              51.108616
            ],
            [
              71.670767,
              51.098315
            ],
            [
              71.666078,
              51.088177
            ],
            [
              71.660384,
              51.078242
            ],
            [
              71.653708,
              51.068549
            ],
            [
              71.646077,
              51.059137
            ],
            [
              71.63752,
              51.050042
            ],
            [
              71.628072,
              51.041302
            ],
            [
              71.61777,
              51.03295
            ],
            [
              71.606654,
              51.02502
            ],
            [
              71.594768,
              51.017543
            ],
            [
              71.582159,
              51.01055
            ],
            [
              71.568877,
              51.004067
            ],
            [
              71.554975,
              50.998122
            ],
            [
              71.540506,
              50.992736
            ],
            [
              71.525529,
              50.987933
            ],
            [
              71.510102,
              50.98373
            ],
            [
              71.494287,
              50.980146
            ],
            [
              71.478145,
              50.977193
            ],
            [
              71.461741,
              50.974884
            ],
            [
              71.445138,
              50.973228
            ],
            [
              71.428404,
              50.972232
            ],
            [
              71.411603,
              50.9719
            ],
            [
              71.394802,
              50.972232
            ],
            [
              71.378068,
              50.973228
            ],
            [
              71.361465,
              50.974884
            ],
            [
              71.345061,
              50.977193
            ],
            [
              71.328919,
              50.980146
            ],
            [
              71.313104,
              50.98373
            ],
            [
              71.297677,
              50.987933
            ],
            [
              71.2827,
              50.992736
            ],
            [
              71.268231,
              50.998122
            ],
            [
              71.254329,
              51.004067
            ],
            [
              71.241047,
              51.01055
            ],
            [
              71.228438,
              51.017543
            ],
            [
              71.216552,
              51.02502
            ],
            [
              71.205436,
              51.03295
            ],
            [
              71.195134,
              51.041302
            ],
            [
              71.185686,
              51.050042
            ],
            [
              71.177129,
              51.059137
            ],
            [
              71.169498,
              51.068549
            ],
            [
              71.162822,
              51.078242
            ],
            [
              71.157128,
              51.088177
            ],
            [
              71.152439,
              51.098315
            ],
            [
              71.148772,
              51.108616
            ],
            [
              71.146142,
              51.119038
            ],
            [
              71.14456,
              51.129542
            ],
            [
              71.144032,
              51.140084
            ]
          ]
        ]
      }
    },
    {
      "type": "Feature",
      "properties": {
        "@circle": {
          "type": "Mercator",
          "center": [
            68.3579732,
            51.8100654
          ]
        },
        "NAME": "Atbasar"
      },
      "geometry": {
        "type": "Polygon",
        "coordinates": [
          [
            [
              68.432954,
              51.810065
            ],
            [
              68.432806,
              51.812976
            ],
            [
              68.432363,
              51.815875
            ],
            [
              68.431626,
              51.818751
            ],
            [
              68.430599,
              51.821593
            ],
            [
              68.429284,
              51.824389
            ],
            [
              68.427689,
              51.827128
            ],
            [
              68.425818,
              51.8298
            ],
            [
              68.42368,
              51.832393
            ],
            [
              68.421282,
              51.834899
            ],
            [
              68.418634,
              51.837306
            ],
            [
              68.415747,
              51.839606
            ],
            [
              68.412632,
              51.841789
            ],
            [
              68.409301,
              51.843847
            ],
            [
              68.405768,
              51.845771
            ],
            [
              68.402046,
              51.847555
            ],
            [
              68.39815,
              51.84919
            ],
            [
              68.394096,
              51.850671
            ],
            [
              68.389899,
              51.851992
            ],
            [
              68.385576,
              51.853148
            ],
            [
              68.381144,
              51.854133
            ],
            [
              68.37662,
              51.854945
            ],
            [
              68.372023,
              51.85558
            ],
            [
              68.367371,
              51.856035
            ],
            [
              68.362681,
              51.856309
            ],
            [
              68.357973,
              51.8564
            ],
            [
              68.353265,
              51.856309
            ],
            [
              68.348576,
              51.856035
            ],
            [
              68.343923,
              51.85558
            ],
            [
              68.339326,
              51.854945
            ],
            [
              68.334803,
              51.854133
            ],
            [
              68.330371,
              51.853148
            ],
            [
              68.326048,
              51.851992
            ],
            [
              68.321851,
              51.850671
            ],
            [
              68.317796,
              51.84919
            ],
            [
              68.3139,
              51.847555
            ],
            [
              68.310178,
              51.845771
            ],
            [
              68.306645,
              51.843847
            ],
            [
              68.303314,
              51.841789
            ],
            [
              68.300199,
              51.839606
            ],
            [
              68.297312,
              51.837306
            ],
            [
              68.294665,
              51.834899
            ],
            [
              68.292267,
              51.832393
            ],
            [
              68.290128,
              51.8298
            ],
            [
              68.288258,
              51.827128
            ],
            [
              68.286662,
              51.824389
            ],
            [
              68.285348,
              51.821593
            ],
            [
              68.28432,
              51.818751
            ],
            [
              68.283583,
              51.815875
            ],
            [
              68.28314,
              51.812976
            ],
            [
              68.282992,
              51.810065
            ],
            [
              68.28314,
              51.807154
            ],
            [
              68.283583,
              51.804255
            ],
            [
              68.28432,
              51.801378
            ],
            [
              68.285348,
              51.798535
            ],
            [
              68.286662,
              51.795738
            ],
            [
              68.288258,
              51.792996
            ],
            [
              68.290128,
              51.790323
            ],
            [
              68.292267,
              51.787726
            ],
            [
              68.294665,
              51.785218
            ],
            [
              68.297312,
              51.782808
            ],
            [
              68.300199,
              51.780506
            ],
            [
              68.303314,
              51.77832
            ],
            [
              68.306645,
              51.776259
            ],
            [
              68.310178,
              51.774331
            ],
            [
              68.3139,
              51.772545
            ],
            [
              68.317796,
              51.770907
            ],
            [
              68.321851,
              51.769423
            ],
            [
              68.326048,
              51.768099
            ],
            [
              68.330371,
              51.766942
            ],
            [
              68.334803,
              51.765954
            ],
            [
              68.339326,
              51.765141
            ],
            [
              68.343923,
              51.764505
            ],
            [
              68.348576,
              51.764049
            ],
            [
              68.353265,
              51.763775
            ],
            [
              68.357973,
              51.763683
            ],
            [
              68.362681,
              51.763775
            ],
            [
              68.367371,
              51.764049
            ],
            [
              68.372023,
              51.764505
            ],
            [
              68.37662,
              51.765141
            ],
            [
              68.381144,
              51.765954
            ],
            [
              68.385576,
              51.766942
            ],
            [
              68.389899,
              51.768099
            ],
            [
              68.394096,
              51.769423
            ],
            [
              68.39815,
              51.770907
            ],
            [
              68.402046,
              51.772545
            ],
            [
              68.405768,
              51.774331
            ],
            [
              68.409301,
              51.776259
            ],
            [
              68.412632,
              51.77832
            ],
            [
              68.415747,
              51.780506
            ],
            [
              68.418634,
              51.782808
            ],
            [
              68.421282,
              51.785218
            ],
            [
              68.42368,
              51.787726
            ],
            [
              68.425818,
              51.790323
            ],
            [
              68.427689,
              51.792996
            ],
            [
              68.429284,
              51.795738
            ],
            [
              68.430599,
              51.798535
            ],
            [
              68.431626,
              51.801378
            ],
            [
              68.432363,
              51.804255
            ],
            [
              68.432954,
              51.810065
            ]
          ]
        ]
      }
    }
  ]
}
